,0
0,-37.28830011572609
1,-62.51872205534073
2,48.14000395748462
3,54.58810311313937
4,37.265154967395574
5,72.97267332871888
6,25.504827089820537
7,-43.30594301590827
8,48.82683187985367
9,101.8645781055393
10,91.03460621205431
11,72.57520355285124
12,13.425954097458089
13,-22.406311506972088
14,23.729928981338162
15,89.4352957893534
16,38.845678692905494
17,-44.87099334847153
18,-66.13497584973084
19,7.235228968454976
20,-10.747247318211521
21,-78.92758993577809
22,6.796604839817519
23,81.15811571582799
24,-103.90801369708606
25,-80.40066766718337
26,49.051183187059905
27,38.61156573003336
28,17.421980644015093
29,75.86700270199526
30,31.81869353183265
31,-78.62309282659862
32,11.64756779835534
33,138.2449208756825
34,85.49995167685574
35,6.909463508773115
36,5.757807807947756
37,5.5681339413076785
38,11.677661702484329
39,70.56993911028985
40,81.10908321802526
41,-30.879786375075128
42,-80.13494263924622
43,34.28547306888868
44,54.59499592937027
45,-23.765883547146586
46,19.660040561646383
47,65.83670227008588
48,-39.55248521833255
49,-74.05736813564636
50,57.406140749762926
51,96.40734111539405
52,72.05109375415668
53,72.90792347597107
54,1.7958379629635601
55,-117.43376273144077
56,-18.220742177834836
57,112.30657880363015
58,68.37986643234308
59,45.721546282275995
60,29.29756633427678
61,-21.407491240001036
62,-11.418575703461102
63,62.19430849955461
64,37.60853540831704
65,-79.03237681992505
66,-73.61470135514355
67,-0.0072696285733400146
68,-49.26159142364304
69,-85.40000219316607
70,59.011243277220274
71,69.05537749626274
72,-25.17571850040804
73,-7.701390205212192
74,60.133046885785916
75,75.23724791502627
76,173.58946504768937
77,147.13383964339846
78,36.68858978429125
79,-18.019077508637565
80,9.034546293939457
81,66.4782259456315
82,67.42331929528791
83,40.04257302484439
84,13.949737729994922
85,-29.217558343450946
86,11.157752894503574
87,101.29787831257454
88,46.86373727488353
89,-75.41313459078629
90,-40.28822736316033
91,50.69814838095954
92,10.889505242865198
93,25.279219437754364
94,71.7751041118172
95,35.598866712400195
96,4.967220856527092
97,24.20024630113403
98,81.17409007597325
99,62.47291846477401
100,-24.708578800339637
101,21.551895032052016
102,43.81399017725926
103,-27.3579741382282
104,-37.023556352844025
105,-2.556475637146832
106,-106.38572283586564
107,-146.60211494074792
108,-73.98607396479201
109,-97.25466210519699
110,-118.29416696466069
111,-29.9172020509086
112,-58.01624656453714
113,-203.6940528657051
114,-114.48694284276098
115,-50.472121350414454
116,1.5862492911737718
117,34.89886026464228
118,-15.258029760729187
119,-66.66682116017637
120,-59.99086035734308
121,-72.82533961538775
122,21.593778180733352
123,137.08661530743575
124,36.582443636765674
125,-42.07789589985259
126,20.659346761442976
127,-44.83515358175828
128,-46.78051734534074
129,100.70364069916559
130,109.79367418172296
131,13.233153859919184
132,-31.68335421418942
133,-101.74622610688675
134,-72.246739430032
135,70.07783549558917
136,36.975419644071735
137,29.608587362343314
138,68.90846429837802
139,-54.09912550300396
140,-86.22057714492712
141,39.79780675531583
142,94.30746260734668
143,92.11438449947764
144,127.64443682345336
145,85.87126623533732
146,-54.48242176724398
147,-60.16814142837302
148,35.943198269903405
149,68.15481859000647
150,40.58996351573842
151,12.663351614671228
152,-80.58118956563703
153,-168.3874119300508
154,-150.99203726968426
155,-85.47311565173732
156,-108.09782285337496
157,-171.98724930382195
158,-227.22082037773998
159,-203.4337738034119
160,-249.38553845061233
161,-253.94205983075972
162,-123.70463406592535
163,-68.70312549890241
164,-160.6559604407912
165,-182.32405716938501
166,-141.60670286666027
167,-127.89525981462066
168,-131.05333922253067
169,-59.19987664463133
170,-13.417881919457614
171,-74.92314887973498
172,-81.0837675508792
173,-42.44854460167244
174,-39.58450283191314
175,-53.560633917251835
176,-33.95557373748579
177,-6.910210319248563
178,14.074715278283293
179,-28.289029797696003
180,-41.004141468427406
181,-1.0037150244870645
182,23.36317694119407
183,47.25733642245268
184,47.669108418637734
185,-6.022466375878139
186,-30.780964339392995
187,-3.883871010576513
188,-15.346365500925458
189,-13.777485617761158
190,7.583584331517159
191,10.364586446681642
192,-17.930888882381623
193,-32.302432977209264
194,-20.15518493887248
195,3.362544214549416
196,33.56044593367096
197,23.679779909150056
198,-23.697847830878345
199,-27.535438456328848
200,-10.249986610978794
201,27.894898352989458
202,58.48674760996164
203,39.68026828450229
204,7.103636158331028
205,15.196860109780573
206,66.2120817959285
207,84.09370925358871
208,21.10311056842511
209,-16.612210053079252
210,-11.511197332783013
211,-6.950259478151565
212,-30.647662963449875
213,-5.0610287222507395
214,11.437530402390621
215,-14.328907902185165
216,-34.998003597112984
217,-34.81973231729626
218,8.651276606037754
219,103.54407819021344
220,137.84554607354676
221,57.19362523813743
222,8.266759666553753
223,4.620324968011573
224,93.05786790000911
225,174.71586391233132
226,200.96125703505277
227,155.23142607933096
228,28.961778869611408
229,1.3215303242814116
230,132.6527091761891
231,191.3743425768116
232,129.36959773347462
233,135.76015928271045
234,128.87760853810778
235,-17.364618536297712
236,-52.80601815544833
237,86.61904202472215
238,95.49935064274086
239,14.5854144585619
240,48.19967832324164
241,7.489100220607725
242,-19.22023425304633
243,196.43158651371778
244,236.82658086995707
245,70.41319604418277
246,83.2512316227967
247,60.856254487502156
248,64.37879567352957
249,71.53616716760007
250,108.9875531858188
251,127.20554515091226
252,33.28606419762127
253,-47.56436822512933
254,49.59119373335125
255,128.95257605677216
256,44.6196899345814
257,-14.414276568812056
258,23.608990876964526
259,10.050114409248636
260,-99.67180827492575
261,-34.80028193826092
262,48.57166088143549
263,-1.8722339599971747
264,-5.34504521177405
265,3.5429257519535895
266,-87.06708728753438
267,-64.49975094616184
268,52.31731739434508
269,31.474620967352166
270,-28.89351817541592
271,-35.0420975012903
272,-94.59113913228339
273,-82.14105041865332
274,19.936705281325885
275,43.15726339285811
276,-56.75859573346861
277,-104.44683905384863
278,-19.63532338965797
279,23.061673084147515
280,-27.61974889234807
281,-49.69495025957622
282,-6.201987046642898
283,21.365742325815518
284,8.136749958644032
285,46.47231887387079
286,57.02079009187128
287,-9.597483238840141
288,4.26671803895897
289,57.07703148285509
290,68.08020624036908
291,88.59963383443574
292,123.62765228740864
293,45.35116510408716
294,-33.38944802683454
295,4.206587370565103
296,83.33224212600544
297,112.72002017928116
298,117.62810397674912
299,49.78283412186647
300,-7.226171301027534
301,49.8490324278082
302,75.19025839671758
303,26.610718262892078
304,91.23097914086338
305,69.85547395067442
306,-39.53384320662735
307,-84.34609670038662
308,-46.411629755370996
309,3.2480177092556914
310,31.987499016178845
311,94.5474224294594
312,100.03120091505662
313,-29.323421547275757
314,-92.34366447513457
315,-46.17822850887296
316,41.90733885206919
317,71.42706217114483
318,19.729325168944342
319,44.060417874889936
320,57.452755874504874
321,86.69639292683951
322,106.7527857315572
323,107.88207683551627
324,43.97177492281571
325,6.268632744150636
326,-15.976379850425474
327,-29.18043038767064
328,-53.1838861790784
329,-96.1072177009919
330,-15.9719181141445
331,3.3504943307743815
332,-52.38478780408332
333,-16.326443430330073
334,-12.982730516435367
335,-51.78890584866076
336,-28.865711108429423
337,37.626790963155145
338,-29.914034381728925
339,-39.94798118796916
340,49.56454750023386
341,99.52048693168854
342,-6.595094944104858
343,-42.46358924721062
344,32.480793507445924
345,51.674850464304654
346,30.503267950045483
347,91.09933839603491
348,46.59390419680403
349,-26.670041754997328
350,53.97116248990642
351,79.64932001402485
352,-1.6477383577584988
353,-33.34687494445461
354,-5.8804532396006834
355,-13.620915919360414
356,-72.61791877034375
357,-58.81292630538974
358,-22.304305691475747
359,-46.242526658290444
360,-40.85940751690305
361,-6.612473522071014
362,18.830918669773382
363,-12.427359899075782
364,16.484789006254687
365,51.617659815943625
366,-56.01664092734063
367,-104.37727133802673
368,48.689702602512625
369,67.54358019756182
370,7.531669794135269
371,83.83240976276284
372,15.707753740392036
373,-76.2578934819121
374,54.80229151039384
375,81.76514354550636
376,42.25035848354855
377,28.936815686418413
378,-49.215597827382226
379,-99.5713782462517
380,-10.575009237289123
381,-30.279918463342256
382,-19.07349054612041
383,53.17519335803718
384,-79.27406039244033
385,-135.23711502585047
386,-50.257173158303885
387,46.529405450610284
388,189.54598953668483
389,160.2844514612525
390,-40.22756504673089
391,-59.44966121278958
392,64.40255819162121
393,80.38479739300146
394,84.42848341083572
395,126.26110478483861
396,1.5988415100764541
397,-95.77272695589454
398,-20.528582015151187
399,72.63621413762121
400,56.28882562210492
401,10.511177756539837
402,60.48432990956644
403,19.590084002307776
404,-129.6637219455115
405,-110.20724499795597
406,29.687843694581716
407,110.94732302703778
408,149.7555525431053
409,77.88687686343383
410,-44.19604829351374
411,-24.42503823766947
412,130.53517050260052
413,166.6616884662344
414,93.68790121344955
415,7.422308750256889
416,-26.886632735352578
417,-15.370855434159239
418,-48.47374630157992
419,-9.266555043265726
420,19.651271864592673
421,-31.668978671693367
422,-119.8109723973912
423,-98.64829709985679
424,-106.3950308159765
425,-195.84862078586957
426,-114.4335882459327
427,97.60055959221063
428,47.19727045962827
429,-137.58900184613503
430,-104.90895481189818
431,20.435634826852947
432,51.53960525648745
433,22.33184977549081
434,49.167858291984885
435,90.40348734209056
436,-7.193600915194111
437,-79.38827254260559
438,29.990348604063
439,10.583128935549212
440,-89.46508267872105
441,-60.81370314965352
442,-19.698267957366625
443,-131.0552434477022
444,-111.8588828458187
445,-52.07003409391109
446,-48.540340462372114
447,-78.43415933596862
448,-111.1396134354327
449,-149.36743665028825
450,-175.46524991107344
451,-148.85672859147962
452,-105.67402634448808
453,-80.61883318567652
454,-135.41267012237495
455,-126.6983079005513
456,-62.040829083010976
457,-87.51847096347501
458,-100.24178335172655
459,-73.20686088630646
460,-63.90378054674784
461,-176.00176849042055
462,-221.77069010409195
463,-174.6670991066244
464,-124.69088801783528
465,-119.0324826034539
466,-123.68605327286377
467,-98.56583247717754
468,-156.75431047300117
469,-169.11343033366848
470,-73.9311751895284
471,-32.600645105647345
472,-97.33573937858728
473,-65.49183832392282
474,-21.175727820648717
475,-53.33628897111976
476,-67.2188308688892
477,37.29536482514504
478,42.556311763923986
479,9.06498989794909
480,42.36243516896957
481,33.13504114110856
482,-45.30222037883186
483,-9.31064234663063
484,84.62655954698221
485,102.51642031905703
486,-9.883918542112042
487,-45.35977493867722
488,32.20159365560448
489,27.027990565180517
490,1.6784590792035488
491,42.15211163707272
492,1.7953898398945967
493,-28.02990465216226
494,-13.994572448597864
495,25.03582286143046
496,-4.120112867678472
497,-72.17318252028326
498,-71.07968723141221
499,-14.851315818951662
500,-50.64680973704799
501,-39.566832547076956
502,-35.028593141035344
503,-28.54261964595571
504,-46.11410886590602
505,-57.99557527869274
506,-61.46229672291429
507,-46.03762248112753
508,2.6120146264297546
509,39.31644838366492
510,28.173963871984597
511,-14.870275133363975
512,-4.155095232043095
513,36.0456881382529
514,52.75117899542511
515,21.64500490503724
516,15.255788291425688
517,41.730481270582914
518,36.438661723142104
519,52.48054513329225
520,54.720700997148924
521,28.170464449462997
522,-10.21050289906907
523,-14.053381055866339
524,21.675395187756294
525,-0.9484800503059887
526,-18.783507299926896
527,4.812202842914303
528,4.071076544699736
529,-28.100886954782254
530,-2.9853991906575175
531,33.83487804433389
532,17.146866561719435
533,16.222674144758912
534,19.990080462564038
535,-23.33372878854334
536,-13.918729846143833
537,26.2931876640705
538,31.23099616048421
539,4.184703266867018
540,23.938280168385063
541,-5.142209431317042
542,13.876768917774825
543,64.99558517748846
544,12.167410640502567
545,-5.009006671276438
546,-44.011557641194486
547,-21.94778241757922
548,7.166859813914016
549,9.931427958177665
550,-13.512155810646618
551,30.6399225241139
552,26.603774535772573
553,-26.297310176749306
554,-48.85897866189771
555,8.506253097525587
556,11.810772503866247
557,30.046905932513255
558,32.76865359512658
559,-14.07708044183073
560,17.117816313912044
561,83.54542498828687
562,35.89094724478355
563,16.902863134679592
564,42.90139281461143
565,47.52344288602944
566,65.04742077797346
567,59.92915955570879
568,57.62065404464647
569,16.902209786572712
570,14.083204795871097
571,31.19259056667488
572,10.585890888536596
573,-2.0903917611612997
574,-8.596397934144989
575,-28.62144064169661
576,-20.237718692514136
577,-58.714393795195974
578,-55.203865587603104
579,43.203375149999374
580,40.18112123079027
581,32.37208025891778
582,8.829749176374662
583,-52.91611085125351
584,-41.67550608677902
585,90.21051789099465
586,74.37725122917936
587,36.32772555629117
588,5.368440246292266
589,61.12721244839122
590,31.743471410264647
591,46.93998401897625
592,67.1806359892662
593,-8.958985196362846
594,-37.61998313478398
595,7.349951695483469
596,-15.691436414585041
597,-36.80689164766227
598,-18.16165481255939
599,14.847440336661748
600,32.60822403468683
601,17.42399641774773
602,-22.564442028487974
603,18.333506020149798
604,75.98694045501361
605,89.54167921431781
606,14.396703348634674
607,-13.39933413658855
608,35.246213862172226
609,35.47556222430785
610,45.860675022619944
611,53.36838946074795
612,-10.13002203600854
613,-37.63962402233574
614,46.18033743215983
615,44.5656493573606
616,-11.243305644042266
617,-33.44493428831447
618,-16.31309287556269
619,-53.418397116550295
620,-48.47507512765969
621,7.239354078300494
622,31.97971645996222
623,29.292136491711062
624,0.4560012714264303
625,-21.54825522011197
626,5.780279625782896
627,42.14618321056696
628,82.40494526710336
629,114.54150169818604
630,48.700309112805826
631,-46.60090146219409
632,39.9879743152228
633,143.24241297770368
634,81.4613794121451
635,26.04265646523072
636,55.26491995071137
637,48.69746602196392
638,29.873434639605875
639,110.99299545070971
640,114.60307303449554
641,13.94722255776378
642,-40.962154749865476
643,50.902149812409334
644,14.027868617662534
645,-1.130627312465549
646,46.349388573778924
647,3.2926601245517304
648,-70.42404998598431
649,-34.15628631511663
650,16.297453427660002
651,92.34897893250945
652,152.626568139347
653,107.34376097754739
654,40.54005525325829
655,29.417868775953593
656,42.522434839886955
657,162.1704149632942
658,211.0452198013827
659,60.75412924576176
660,81.73079089934436
661,86.12792021759105
662,17.754143069978454
663,166.56198285010578
664,177.4088647346398
665,23.786115018964665
666,-14.780687329265675
667,16.08325905795664
668,-27.828193765018113
669,-2.1725002324446905
670,85.60443451743959
671,59.96752012228262
672,-44.68766687196057
673,-85.17126370572078
674,17.589920324801824
675,74.43512967761217
676,97.97925040290374
677,151.23733452035594
678,38.927782907942856
679,-91.10766143492765
680,19.79468345339137
681,138.75075379485224
682,66.02700646066205
683,57.87673984851972
684,47.91420146539167
685,-44.01508658685634
686,-53.702605996323655
687,76.67334140817275
688,44.84148697843648
689,-38.958293181430236
690,-56.80165584239785
691,-38.712277188589724
692,-72.4102127108481
693,-80.2282957875459
694,-3.782709439451537
695,49.23413444707967
696,-40.94388437906582
697,-78.02649048436433
698,-46.71940578269823
699,-43.341205180590805
700,-25.040713182055697
701,24.072013021378552
702,-56.83559849580706
703,-198.1291856245325
704,-53.862019075793796
705,60.6780029131578
706,-35.56273588499516
707,-31.41645088293717
708,40.80295584219675
709,-43.23680401396905
710,-43.04853266959344
711,56.226427740266445
712,59.28789490777672
713,-46.05364173848193
714,-62.23392244962179
715,7.900913003989444
716,29.925169122861917
717,-42.67810010649373
718,13.840153864747663
719,81.4486718560056
720,20.6978590944791
721,-74.57713239959958
722,31.89104412061897
723,125.84489417727855
724,79.55509966939826
725,-17.64669338760268
726,-36.0848556379251
727,-142.64390568858562
728,-29.144643995813567
729,156.318872497779
730,95.01490006919994
731,-52.10611390858685
732,-35.47551269518044
733,-19.10572845371098
734,-11.282104276805512
735,62.00133380805073
736,38.94582316926153
737,-36.29089287807892
738,-90.02059327403913
739,-93.15669605926632
740,-33.65271471997221
741,-24.020571566455146
742,29.087784251464655
743,129.09060696903725
744,30.688180792315507
745,-82.29387656417202
746,14.475620535447888
747,127.05668512239572
748,102.6160540382225
749,108.27737552648978
750,53.119544704949476
751,-107.20839393487131
752,-7.1861932510119
753,199.43669596708241
754,113.83714266074367
755,6.3088313954358455
756,1.908476598840025
757,-23.506147084095574
758,2.2191407111322405
759,96.93910328863512
760,102.5042887759846
761,2.9214383160096986
762,-69.51146649242037
763,-10.128059030965233
764,62.93119061647212
765,58.34113620174594
766,52.73566321472663
767,96.84837614138814
768,63.506681597622446
769,-46.5732900708872
770,4.118736856884425
771,114.4708600053209
772,87.91813594893301
773,72.30226160247275
774,1.249620123436216
775,-101.56006203525249
776,-83.51132208425133
777,44.84896788451533
778,54.01666619967364
779,-4.0693890631537215
780,-73.87981599153682
781,-97.41616340191831
782,-89.07085375454517
783,-8.90130277278422
784,54.17719227499492
785,-1.928789145128576
786,-38.556913464227364
787,-46.471432291246856
788,-63.73276056495706
789,-42.48974551548781
790,-10.080612239136826
791,12.58174794297247
792,-0.7244636859741149
793,-64.75417312635
794,-72.60290947076555
795,-4.36172387627812
796,58.14566868538623
797,101.70848535839741
798,47.993006754181806
799,-63.447642686580366
800,-23.636215060572795
801,14.887346850059657
802,12.547351776303913
803,12.355311935492864
804,13.826898459216864
805,-10.66490270814029
806,-10.306778469921483
807,13.200282473151674
808,36.167314386597354
809,-17.926784152627988
810,-35.309481991263056
811,-20.76310188619209
812,-40.27902952365184
813,-96.15916664431279
814,-38.81966247859236
815,-12.81989400216753
816,-3.6812647698088767
817,1.4014455718752288
818,5.2960307406528955
819,-13.712536946033651
820,23.838870863185548
821,96.38495444287037
822,26.570537765556764
823,-71.55259023540839
824,32.45956349921198
825,57.7446786371238
826,-35.71614437869721
827,60.157894368026064
828,26.528209997294653
829,-88.40459366372124
830,32.34566240790082
831,61.45967258969722
832,7.285300370176628
833,-50.361811267606754
834,-91.7558906672366
835,-13.981040215270696
836,-3.0399749390744546
837,-57.22056200278621
838,8.08323195452067
839,35.541546223291334
840,-31.728541763340218
841,-44.53614937958537
842,26.215348714330503
843,6.073029200880228
844,-4.822842250115173
845,76.61364129073718
846,6.416832034607069
847,-90.97233420001112
848,-43.984517160308314
849,11.480624635367349
850,-22.008032764834752
851,-80.00564795444006
852,-54.82170595063235
853,-64.76149185491249
854,-30.57223754845745
855,-43.77641687601408
856,-61.31762189772326
857,-79.27292728270459
858,-72.62753995189087
859,-33.76602793207712
860,-53.94450925775891
861,-62.80207310575224
862,-51.979545904565384
863,-3.287103748608388
864,6.296821222589642
865,-58.70128462762614
866,-55.70509997929821
867,-5.779898473357207
868,38.33261235545024
869,33.99232854200909
870,9.250355426211172
871,-9.675750775882989
872,-26.15123969123033
873,46.08594337665909
874,49.095841166487844
875,-29.964940361564004
876,-76.91277863115647
877,-44.08020628398572
878,19.518569656682303
879,8.236300524092258
880,-55.33709108750372
881,-40.77922962961384
882,27.81291951473213
883,37.635146695572985
884,26.543023499247283
885,55.51767621798808
886,21.661278370654145
887,4.886727724846423
888,5.841158800729318
889,-3.3267240288878384
890,6.553953578536493
891,57.407128591082255
892,61.86217038241057
893,22.41877536188167
894,-9.851490456586362
895,-36.94084550006346
896,-47.01477948344973
897,-5.740035985047143
898,36.50739942364589
899,-6.730032568761999
900,-96.44844179614574
901,-63.60891103251015
902,19.083222815128465
903,51.9277366476299
904,42.45939659688429
905,3.7291308431258585
906,-32.141447482026706
907,-53.79180504066608
908,-27.6165123880628
909,65.9566900552345
910,39.518438456268086
911,33.26552453626664
912,58.57843749057929
913,35.591474692807424
914,17.35160087037866
915,69.47197023409717
916,100.21012533135718
917,98.5058845563517
918,31.270131643804234
919,-24.276223440586364
920,-13.712813269600701
921,8.685740501146938
922,0.3314207280145638
923,42.03051810961733
924,14.804778649007858
925,-56.07517452099319
926,-25.186302458300815
927,13.875599648045863
928,22.954034452583073
929,11.930822978451943
930,30.20082956050919
931,20.70016009337087
932,-39.70788217567133
933,-2.0085118174210947
934,31.913216217316403
935,27.29335588201684
936,6.5105360248817306
937,-15.7829183420572
938,16.50666851276219
939,15.565870665004695
940,58.646199477738264
941,95.03710622790413
942,61.260069309351366
943,41.428866152655246
944,83.09825089585092
945,108.37655218849795
946,67.83300163770082
947,79.82621550910335
948,49.975937711279585
949,49.19217860379831
950,90.30868981826916
951,116.66759917769923
952,91.25226435421155
953,72.83648595355407
954,66.23889718360715
955,47.414401404086675
956,41.14275782812092
957,20.057054961866925
958,0.5982083377821255
959,20.903518692378384
960,15.176344631759093
961,-38.484477449555925
962,-35.24696863270583
963,30.853528045924122
964,50.1401908310454
965,71.31233309233949
966,78.28747739779692
967,-1.7698061801747826
968,-28.933911511476254
969,75.53816786535845
970,82.56262528666502
971,30.650818317267294
972,6.847266431867865
973,33.96970549557955
974,57.06335111664612
975,15.811726546878162
976,0.31182838355653075
977,13.5222906104309
978,37.9698166368762
979,60.482798459547666
980,74.6120855322497
981,30.38229886811041
982,-4.5409774291401845
983,38.19427132972578
984,66.41329964466877
985,44.21710107463741
986,83.02905483427185
987,92.23094800648732
988,84.83996172765637
989,73.62054846701812
990,52.92828384966742
991,32.77844627399827
992,89.21668656809834
993,151.12817053046047
994,112.53940408721928
995,55.1247053621496
996,15.488707136784797
997,10.350747952484198
998,73.37029473719394
999,123.09764228224958
1000,82.54767506454482
1001,-10.616554950459431
1002,-47.5737585737852
1003,1.8576090836659205
1004,9.663882730384103
1005,3.868219423499795
1006,10.737283581966949
1007,-26.81010229229014
1008,-47.21597821929845
1009,-42.78522561409227
1010,-49.711989423670275
1011,-0.9202988339784497
1012,34.85869776574873
1013,16.7684374942246
1014,0.9225279009438054
1015,-67.03465318454437
1016,-49.54064077409839
1017,23.440935373118464
1018,6.989875860224856
1019,5.454928021667001
1020,-27.435241738226978
1021,-64.77469865926378
1022,-36.1699959315265
1023,34.4886331840562
1024,65.27782199724152
1025,44.55946327039419
1026,11.784530220314082
1027,-14.823043123581556
1028,-48.23157924697625
1029,-24.130325870563865
1030,31.47044863285373
1031,25.088575586933985
1032,-16.77980085877425
1033,-3.8878815302255134
1034,4.561974332807949
1035,34.89751325708721
1036,78.77318597521662
1037,114.5643707565705
1038,62.145862975829914
1039,-19.45191766976359
1040,-11.56057394904201
1041,68.69104515204526
1042,33.070992373984154
1043,-1.8702941811820892
1044,0.7157538799310714
1045,-49.09654219346703
1046,-34.33615420103615
1047,43.863192641802925
1048,36.03201905457172
1049,-29.446856932191622
1050,-31.952514423312095
1051,8.822651258506994
1052,-16.805658626831246
1053,-23.018933123619718
1054,4.207610864535127
1055,56.88693749228332
1056,40.753811038115145
1057,45.2120186512102
1058,71.5871324830232
1059,38.49524433328861
1060,66.6785294759029
1061,105.45014368822558
1062,22.267976952761273
1063,-41.93503098713609
1064,-10.438037246250587
1065,61.62818230527773
1066,40.55092707865606
1067,-3.795480406542083
1068,4.7845794041841145
1069,-4.221686458416116
1070,-45.942676163215765
1071,5.488737497038528
1072,30.702038202371114
1073,-26.477468101766135
1074,21.01176544885402
1075,17.365008363736706
1076,-29.429150681954525
1077,-8.209194213770388
1078,28.2347456012194
1079,30.698981869869385
1080,36.559815945275204
1081,32.48907108911135
1082,-5.631786988664771
1083,-29.18638891568662
1084,-0.31923858279697015
1085,52.04806476117756
1086,43.54078085971287
1087,-17.09683995330215
1088,-26.45908380233459
1089,29.106697529829944
1090,30.78563864431635
1091,-3.5048041606551124
1092,-13.495706670940308
1093,7.544403174151739
1094,25.402218437888223
1095,37.61570376136115
1096,40.624503862160054
1097,-2.2607438266359168
1098,18.552813294294538
1099,60.616514452201955
1100,41.72348557302303
1101,45.93579855167991
1102,39.953227621303995
1103,-1.0092483267285388
1104,-1.7670778434576278
1105,25.405700465782502
1106,-3.186866858681242
1107,-20.004557131794172
1108,10.193068388079155
1109,60.682489418023124
1110,39.96063238480974
1111,17.96708719635899
1112,40.08799254854557
1113,77.84601196692984
1114,11.611777224930393
1115,12.327960254721802
1116,38.38139059553441
1117,41.50190364987702
1118,18.127430970040223
1119,70.38527531619093
1120,67.05150923298515
1121,-10.922727708716593
1122,30.76667692695628
1123,55.30117392664306
1124,19.188098197491854
1125,38.8286552689915
1126,42.86750738572391
1127,-16.902606244138042
1128,-20.025278611246904
1129,-1.3942198198637925
1130,31.671746137511036
1131,56.668512773510884
1132,26.512880542254607
1133,21.746151531917803
1134,44.994653534879035
1135,24.01239789327974
1136,35.49613873306316
1137,85.19724054850485
1138,69.7975452373962
1139,15.79373557224244
1140,-8.627181822191233
1141,37.140864253102336
1142,50.605128209392205
1143,80.74069564061301
1144,79.81439260989464
1145,40.17090907999318
1146,23.652888374481336
1147,5.870577395369764
1148,2.2578788476494083
1149,42.013762473236056
1150,17.385244117145703
1151,-12.45519530952106
1152,-57.79876882435656
1153,-81.77034940910744
1154,4.796377681329432
1155,164.2371396255694
1156,190.39832411415682
1157,124.54113227625021
1158,59.46527125065086
1159,-18.603506498963725
1160,9.856670879340527
1161,119.34643684853245
1162,129.33743053364196
1163,109.74690486725649
1164,41.56586948054883
1165,1.9812265663595099
1166,42.35378029612002
1167,133.96552419200998
1168,107.36256826382487
1169,22.510586974338366
1170,-7.034693809609962
1171,-33.77916399044807
1172,-41.14366244854955
1173,8.562807061346575
1174,45.37399335725149
1175,91.89359170693751
1176,76.75786603351025
1177,-25.21578385644989
1178,9.754543646586171
1179,139.93854599954102
1180,162.16961079008342
1181,157.9999620544113
1182,106.37988635922375
1183,-36.0829257194182
1184,-33.410616454042156
1185,104.38650691251587
1186,112.32831283105224
1187,96.35455236681992
1188,63.71801550361306
1189,-58.87302258869113
1190,-66.135721057306
1191,69.72481810259069
1192,92.46545001556024
1193,0.9756504744482299
1194,-46.054398364148255
1195,-40.93117542172604
1196,-55.665591573657366
1197,-38.51039692929771
1198,30.573197852767407
1199,66.41894452190081
1200,65.40781755959688
1201,14.303614579546775
1202,-23.23993803873327
1203,11.723171397266924
1204,73.92585673812118
1205,60.44520096811357
1206,25.711068342747694
1207,-17.844636878418896
1208,-44.99927292429311
1209,-12.710758738933691
1210,15.39382439388828
1211,33.57266541703575
1212,56.506569996345206
1213,7.037835607705347
1214,-66.33341464094065
1215,-3.1352833928476684
1216,50.929677180149156
1217,-26.135008747563006
1218,-22.327652978219703
1219,41.355917714525276
1220,-39.91903553754673
1221,-54.905516804167746
1222,27.414561136612974
1223,63.960071388425604
1224,57.06714848495267
1225,51.30237988463705
1226,-13.119745478485129
1227,-38.748187688968756
1228,-46.68053545229486
1229,-85.60357673191083
1230,-46.26427417064497
1231,-68.947431326465
1232,-114.45816146437937
1233,-81.54466461684524
1234,-80.45369436375586
1235,-152.02179783570045
1236,-134.69547126723137
1237,-103.14286421685847
1238,-153.15572690975387
1239,-137.29424301395375
1240,-115.36531094471138
1241,-154.50019241910695
1242,-91.37463047411256
1243,-0.8968156201972306
1244,-22.582033987741852
1245,27.365140642728875
1246,-5.5233346619779695
1247,-24.664040545647367
1248,-7.245991608665463
1249,-15.819538081998871
1250,-13.492062817742408
1251,47.97056295557968
1252,66.06199648202801
1253,34.4580779962871
1254,35.54562565632841
1255,44.798863520623854
1256,22.64153652012601
1257,9.247194595362544
1258,44.68681945038588
1259,34.88800642197839
1260,7.8759138935747615
1261,45.90409564719812
1262,103.93704665519454
1263,80.65720821607556
1264,48.85630746295101
1265,30.801094751506753
1266,48.79740029620825
1267,41.673045373488094
1268,44.07438390738298
1269,40.06269683561277
1270,-5.7141963249805485
1271,-30.97495008871465
1272,5.736854218114786
1273,5.607627521952054
1274,6.080730097165542
1275,35.837578069714255
1276,19.628404640387316
1277,-19.11907326026426
1278,-9.276407631643679
1279,48.80067827521452
1280,72.7052753814794
1281,34.386009586731234
1282,21.306576711161597
1283,6.220727895774871
1284,-46.09616621039868
1285,-8.008265677504824
1286,61.75386740123895
1287,56.71832928044569
1288,48.237408769799
1289,14.8290759975107
1290,-28.50123189691749
1291,16.84176959722754
1292,62.451194261273486
1293,74.03115755072622
1294,13.631667861747701
1295,-7.245579511029064
1296,18.210724379863223
1297,11.675700302201221
1298,51.74059131302283
1299,93.2246236324479
1300,99.75546338473418
1301,39.55918273454063
1302,-5.702068844437235
1303,0.24351962800733418
1304,2.058037765386871
1305,58.11191949833483
1306,41.40500115044415
1307,-14.138888044191845
1308,-36.80918469619337
1309,-47.53443097475338
1310,-26.102999646587705
1311,8.694870165782504
1312,-0.12969800386144925
1313,12.566348359937365
1314,-22.36779651802135
1315,-38.68309761728142
1316,-16.209147619890246
1317,21.396898904495174
1318,63.6970525574161
1319,45.037767157437884
1320,24.417478816501443
1321,17.739387919152023
1322,-6.161559522142397
1323,26.79651025865178
1324,75.68386792586739
1325,114.96707263877397
1326,64.16928618662632
1327,4.785950194471297
1328,35.058554228840194
1329,36.96233595222907
1330,24.710022985485693
1331,67.04655600270189
1332,44.43647098500378
1333,22.952609403697807
1334,41.63527637125617
1335,50.22130848373308
1336,23.931988809169525
1337,30.85381780048283
1338,2.4365439904618142
1339,8.421323801710969
1340,21.21879763227571
1341,-6.387859365953773
1342,1.3147995771296337
1343,20.834440960927623
1344,6.819661986405208
1345,28.82200772403712
1346,46.05383808578972
1347,20.64007072616573
1348,28.04539864220419
1349,87.90084786593775
1350,59.34097410009599
1351,19.1407055799898
1352,16.579437814639732
1353,33.07374331493793
1354,30.658064479475115
1355,14.240336789743196
1356,36.36153322599603
1357,40.84491374897516
1358,16.301465864522015
1359,32.300087536752926
1360,38.44445948956536
1361,12.157081285004551
1362,10.590883338042659
1363,50.79519412053651
1364,31.534854647692555
1365,-9.082510132183415
1366,15.700911415513474
1367,30.89967732712057
1368,-1.2394937465123803
1369,-1.4993697882403012
1370,20.380261922082127
1371,7.986141266220102
1372,17.567787800670203
1373,62.74192451687895
1374,63.22379249569235
1375,5.985277519318288
1376,37.83887373115658
1377,59.37987816226769
1378,28.57563672361084
1379,9.280726664114582
1380,33.73295469821505
1381,42.47324551915972
1382,44.6803138441619
1383,59.11213967955746
1384,37.40435124395208
1385,18.78403658798925
1386,35.030783051966864
1387,67.60801610719273
1388,52.78949715251747
1389,-0.1883739296085878
1390,23.942938513314402
1391,35.33347232095957
1392,19.849365610552923
1393,19.299698908326718
1394,41.78173953413716
1395,35.942153426980894
1396,48.63324455980592
1397,63.31561163824654
1398,38.2109256195788
1399,38.61323915062849
1400,13.54046374817949
1401,29.62077697891209
1402,54.4690159617744
1403,51.094621708309205
1404,12.681947130678509
1405,26.945619179291953
1406,58.33420821061054
1407,46.21662247331642
1408,46.47660995624756
1409,36.88864071010812
1410,27.507359945266217
1411,37.26694088090335
1412,37.790916655832916
1413,31.22337478089412
1414,23.022838606622372
1415,26.335330154900475
1416,61.679551789242396
1417,51.112417492596705
1418,24.370466233219986
1419,18.998893821674756
1420,34.70473129204561
1421,36.05364226816687
1422,57.060211531194454
1423,37.68824013494168
1424,50.71186468593055
1425,62.555211729231814
1426,41.04070777551465
1427,26.32944117378247
1428,27.645250446825457
1429,19.83119873164651
1430,48.867026507146875
1431,33.8533715130211
1432,67.86903245163558
1433,42.228775962795225
1434,30.672405034209532
1435,41.78398339335945
1436,25.161319383118553
1437,34.30476588972124
1438,8.171640884491353
1439,9.15646240623164
1440,22.537022549473022
1441,-3.468841936431545
1442,20.387284451151345
1443,32.18932865635361
1444,25.109221576497703
1445,68.88257527556016
1446,75.16341243109218
1447,11.611890994496662
1448,14.325462281337877
1449,35.653928766419085
1450,32.195944220075035
1451,20.069912647307092
1452,10.744569765759934
1453,16.584009749651614
1454,6.337903896520402
1455,11.773316770919337
1456,9.50579935965834
1457,7.086053812233331
1458,19.290753334209967
1459,44.405992438017165
1460,9.996046691479023
1461,-13.955241789491083
1462,-6.890976258466253
1463,-0.9867016633806998
1464,18.84832231725295
1465,53.17190653917032
1466,25.691684464942682
1467,-21.331215156977578
1468,15.57740328248201
1469,66.42710196992675
1470,62.57149589602409
1471,17.144207320994155
1472,44.70204755485929
1473,59.68119100027093
1474,-5.215216341629912
1475,-4.493872932318482
1476,56.03150708024987
1477,27.349475649215947
1478,38.810746148608814
1479,116.3926474548166
1480,62.668831832710566
1481,-8.190311826501784
1482,56.31093429917746
1483,60.567586269798994
1484,8.30897296045896
1485,7.05040412830931
1486,27.16673367159001
1487,2.831063841273135
1488,-26.140936960864565
1489,39.826891567062376
1490,38.851132790825886
1491,-32.826871374862776
1492,6.113536629819919
1493,95.62782908999725
1494,97.21457669558322
1495,38.78385470308967
1496,51.234756691343364
1497,85.68660673238742
1498,57.20401244287086
1499,56.39220447145408
1500,82.74456451783999
1501,100.8741340947663
1502,67.43543500540818
1503,65.50315121877065
1504,60.155536604890585
1505,-3.438857061368253
1506,58.79078460155688
1507,114.20064366112274
1508,51.17908575477759
1509,8.264572565952221
1510,7.113560756930383
1511,-13.347229630946458
1512,-12.980028174908057
1513,59.15537502077814
1514,75.48819100769924
1515,-3.1218942474740743
1516,-15.792185901837911
1517,16.160326054143752
1518,33.898134487194966
1519,31.85065481425272
1520,28.936262628979875
1521,50.226929515408074
1522,8.671289583972111
1523,-10.120072989285518
1524,-18.350365286917622
1525,7.434675392431018
1526,31.100144682953214
1527,28.62069882902506
1528,8.275109870029155
1529,-27.853589031747106
1530,-6.828319199142243
1531,30.271156415016776
1532,17.89407217684129
1533,17.756537662448864
1534,14.193836723527056
1535,37.10717765210029
1536,20.950877212575506
1537,31.0360610370185
1538,75.29929952704629
1539,47.416345141090915
1540,31.921695214673036
1541,38.22893128926671
1542,61.99452321585045
1543,79.96658594540963
1544,35.118051067345505
1545,26.84818905920838
1546,7.304614059474488
1547,-39.57579975928502
1548,-41.07903505150125
1549,44.050929989904944
1550,43.563870054646486
1551,23.98465464570154
1552,54.85965879488958
1553,7.148936030398545
1554,7.5821679364826196
1555,30.479238217878446
1556,29.94049505187286
1557,4.232860016730228
1558,10.609775179856115
1559,4.671773284527262
1560,52.80047628145758
1561,55.686767638141646
1562,93.85091425363657
1563,103.41200704638277
1564,51.19784095003615
1565,20.889070895992063
1566,10.254898332600533
1567,-1.9567473659681127
1568,-15.497153877065557
1569,21.63950556140321
1570,17.098224656429693
1571,-32.12853458828249
1572,-33.217942522569956
1573,2.8039601290793144
1574,-6.193965677787219
1575,1.6283838843191916
1576,-15.33345602212512
1577,-53.41597678539756
1578,-43.059777896934975
1579,43.16926639878238
1580,38.95524352407301
1581,2.947513091586643
1582,40.34873118232463
1583,30.61805486892763
1584,4.784672468578265
1585,20.861724014250512
1586,28.925284918141188
1587,39.837071996528266
1588,43.013524894191505
1589,87.76304263098041
1590,103.21205040248196
1591,72.6216829850398
1592,46.80821754855742
1593,98.11270002407355
1594,109.52286243254434
1595,70.854611503564
1596,57.10550800767214
1597,69.76108738305129
1598,74.98664548778743
1599,102.95676225939133
1600,116.3637039945379
1601,42.8577668431617
1602,50.73911010844131
1603,84.82853855945086
1604,22.814060990628604
1605,-26.754442397641014
1606,7.785718244577765
1607,4.992917779064555
1608,4.684270210778777
1609,20.82592763422599
1610,18.75363208175895
1611,4.266561609511427
1612,26.05032504137239
1613,39.76593117383845
1614,52.8170455078955
1615,33.06301441174628
1616,0.5414239704628017
1617,61.61526683028819
1618,20.537954100983598
1619,-5.144292068758659
1620,38.876113307872856
1621,54.47116660020447
1622,-19.69045577532779
1623,22.6781823914057
1624,83.23381838222576
1625,-6.769653178989756
1626,-7.1359224921534405
1627,49.268381690048955
1628,45.36361889975433
1629,3.6833014918674962
1630,-9.704503455935082
1631,10.69702915142625
1632,20.929721744585095
1633,5.302768700361412
1634,30.755024949797644
1635,46.60532694340304
1636,20.424590526826478
1637,12.695177724829136
1638,77.63809927232705
1639,49.153595035902526
1640,-8.865475176186465
1641,31.630013535869693
1642,11.108045283826414
1643,-28.398263323471838
1644,-3.2736966259653855
1645,66.08407734243428
1646,52.81543245432795
1647,49.440816918900055
1648,54.222124873555
1649,59.56816410646752
1650,28.223121160299343
1651,16.559533068483688
1652,56.90336076637141
1653,61.1218403069779
1654,33.76640711458822
1655,57.310790929784616
1656,81.87310060444042
1657,82.27825214348195
1658,81.54046736001101
1659,121.39455421178354
1660,150.44077745572895
1661,103.62453954068224
1662,74.03376062839288
1663,33.379666528265716
1664,6.026012363391601
1665,36.66885950808182
1666,67.23907064281411
1667,35.444581941426804
1668,16.683588444811903
1669,27.50744834894158
1670,22.56456189425535
1671,13.537861212830649
1672,15.571908408402123
1673,-12.497396299806496
1674,-18.908981528136792
1675,11.675337763641437
1676,-25.244774062403394
1677,-46.397615434676936
1678,-25.766656918410263
1679,-9.870902961860338
1680,30.62553598158047
1681,50.869397082050455
1682,32.40163994372324
1683,0.9058029868278936
1684,-16.59951761842035
1685,-17.349167865652817
1686,24.332589448128147
1687,42.196805828405786
1688,6.976837410053122
1689,16.67445224311041
1690,-5.911090611171403
1691,-29.43496291145948
1692,-22.220567117674364
1693,-15.809960842313558
1694,13.163686994354975
1695,32.66710746179251
1696,8.722511636032323
1697,-11.186776781987646
1698,25.702608318274542
1699,25.895681487241745
1700,46.702743652354
1701,42.53946208222442
1702,15.464337560716103
1703,-5.738647555912394
1704,9.009789476691367
1705,-3.195896983409966
1706,4.542943619705056
1707,53.33018773125559
1708,62.59236218818069
1709,45.87734300250304
1710,29.3658376915796
1711,49.31050067992578
1712,28.454147890353624
1713,54.92089796499363
1714,82.30516377502045
1715,49.761173581780895
1716,2.255222818083439
1717,25.326411911974446
1718,39.83175677352256
1719,76.90189682579239
1720,58.541209712892396
1721,33.161658719970546
1722,44.75027098735973
1723,43.18973111221203
1724,12.25408144314315
1725,11.409556348550723
1726,45.69751393865863
1727,24.130806956512515
1728,28.70400009146897
1729,52.04690144599908
1730,29.383439035967967
1731,20.661913426120236
1732,68.67626358053576
1733,85.48516809419834
1734,76.82882726428716
1735,34.887930002452094
1736,49.12495792188474
1737,43.017123371815615
1738,49.50482284732925
1739,48.52047370508285
1740,58.4246366912821
1741,13.161796648428208
1742,11.533914594224825
1743,8.352428252245772
1744,-8.30483328365699
1745,-60.84435866793683
1746,-40.10948756944026
1747,6.721711574246001
1748,-7.597119131620275
1749,-1.8984003068671882
1750,-4.14991265874778
1751,22.112175916534397
1752,33.81019602084507
1753,43.87519669598578
1754,83.67803361759388
