5 Minutes,Lane 1 Flow (Veh/5 Minutes),# Lane Points,% Observed
43709.00972,400,1,100
43709.02014,372,1,100
43709.03056,362,1,100
43709.04097,427,1,100
43709.05139,316,1,100
43709.06181,316,1,100
43709.07222,256,1,100
43709.08264,242,1,100
43709.09306,192,1,100
43709.10347,227,1,100
43709.11389,255,1,100
43709.12431,255,1,100
43709.13472,215,1,100
43709.14514,225,1,100
43709.15556,218,1,100
43709.16597,210,1,100
43709.17639,258,1,100
43709.18681,288,1,100
43709.19722,301,1,100
43709.20764,337,1,100
43709.21806,361,1,100
43709.22847,448,1,100
43709.23889,525,1,100
43709.24931,480,1,100
43709.25972,547,1,100
43709.27014,581,1,100
43709.28056,620,1,100
43709.29097,623,1,100
43709.30139,694,1,100
43709.31181,742,1,100
43709.32222,777,1,100
43709.33264,745,1,100
43709.34306,832,1,100
43709.35347,919,1,100
43709.36389,1039,1,100
43709.37431,1052,1,100
43709.38472,1191,1,100
43709.39514,1252,1,100
43709.40556,1348,1,100
43709.41597,1504,1,100
43709.42639,1516,1,100
43709.43681,1562,1,100
43709.44722,1597,1,100
43709.45764,1497,1,100
43709.46806,1536,1,100
43709.47847,1467,1,100
43709.48889,1428,1,100
43709.49931,1589,1,100
43709.50972,1502,1,100
43709.52014,1404,1,100
43709.53056,1189,1,100
43709.54097,1131,1,100
43709.55139,966,1,100
43709.56181,818,1,100
43709.57222,882,1,100
43709.58264,971,1,100
43709.59306,1110,1,100
43709.60347,1252,1,100
43709.61389,986,1,100
43709.62431,1006,1,100
43709.63472,934,1,100
43709.64514,1181,1,100
43709.65556,1070,1,100
43709.66597,1070,1,100
43709.67639,875,1,100
43709.68681,607,1,100
43709.69722,1514,1,100
43709.70764,1109,1,100
43709.71806,901,1,100
43709.72847,973,1,100
43709.73889,1030,1,100
43709.74931,1078,1,100
43709.75972,1215,1,100
43709.77014,1166,1,100
43709.78056,1162,1,100
43709.79097,1191,1,100
43709.80139,1246,1,100
43709.81181,1266,1,100
43709.82222,1251,1,100
43709.83264,1200,1,100
43709.84306,1086,1,100
43709.85347,1102,1,100
43709.86389,1059,1,100
43709.87431,1122,1,100
43709.88472,982,1,100
43709.89514,1120,1,100
43709.90556,911,1,100
43709.91597,840,1,100
43709.92639,765,1,100
43709.93681,722,1,100
43709.94722,601,1,100
43709.95764,501,1,100
43709.96806,453,1,100
43709.97847,449,1,100
43709.98889,363,1,100
43709.99931,312,1,100
43710.00972,288,1,100
43710.02014,258,1,100
43710.03056,251,1,100
43710.04097,210,1,100
43710.05139,195,1,100
43710.06181,163,1,100
43710.07222,183,1,100
43710.08264,163,1,100
43710.09306,157,1,100
43710.10347,130,1,100
43710.11389,149,1,100
43710.12431,137,1,100
43710.13472,161,1,100
43710.14514,176,1,100
43710.15556,219,1,100
43710.16597,282,1,100
43710.17639,295,1,100
43710.18681,368,1,100
43710.19722,431,1,100
43710.20764,551,1,100
43710.21806,707,1,100
43710.22847,890,1,100
43710.23889,1155,1,100
43710.24931,1236,1,100
43710.25972,1532,1,100
43710.27014,1820,1,100
43710.28056,1867,1,100
43710.29097,1808,1,100
43710.30139,1861,1,100
43710.31181,1482,1,100
43710.32222,1829,1,100
43710.33264,1662,1,100
43710.34306,1222,1,100
43710.35347,1726,1,100
43710.36389,1684,1,100
43710.37431,1445,1,100
43710.38472,1232,1,100
43710.39514,1193,1,100
43710.40556,1460,1,100
43710.41597,1441,1,100
43710.42639,1496,1,100
43710.43681,1529,1,100
43710.44722,1576,1,100
43710.45764,1533,1,100
43710.46806,1443,1,100
43710.47847,1444,1,100
43710.48889,1479,1,100
43710.49931,1536,1,100
43710.50972,1498,1,100
43710.52014,1429,1,100
43710.53056,1372,1,100
43710.54097,1415,1,100
43710.55139,1489,1,100
43710.56181,1417,1,100
43710.57222,1351,1,100
43710.58264,1274,1,100
43710.59306,1256,1,100
43710.60347,1300,1,100
43710.61389,1107,1,100
43710.62431,1244,1,100
43710.63472,1356,1,100
43710.64514,1293,1,100
43710.65556,1216,1,100
43710.66597,1218,1,100
43710.67639,1250,1,100
43710.68681,1296,1,100
43710.69722,1196,1,100
43710.70764,863,1,100
43710.71806,955,1,100
43710.72847,902,1,100
43710.73889,1193,1,100
43710.74931,1354,1,100
43710.75972,1309,1,100
43710.77014,1246,1,100
43710.78056,1250,1,100
43710.79097,1236,1,100
43710.80139,1222,1,100
43710.81181,1175,1,100
43710.82222,1065,1,100
43710.83264,937,1,100
43710.84306,941,1,100
43710.85347,886,1,100
43710.86389,760,1,100
43710.87431,789,1,100
43710.88472,728,1,100
43710.89514,690,1,100
43710.90556,629,1,100
43710.91597,514,1,100
43710.92639,445,1,100
43710.93681,385,1,100
43710.94722,359,1,100
43710.95764,370,1,100
43710.96806,334,1,100
43710.97847,296,1,100
43710.98889,268,1,100
43710.99931,221,1,100
43711.00972,198,1,100
43711.02014,181,1,100
43711.03056,184,1,100
43711.04097,159,1,100
43711.05139,194,1,100
43711.06181,197,1,100
43711.07222,147,1,100
43711.08264,153,1,100
43711.09306,129,1,100
43711.10347,108,1,100
43711.11389,128,1,100
43711.12431,144,1,100
43711.13472,180,1,100
43711.14514,186,1,100
43711.15556,208,1,100
43711.16597,223,1,100
43711.17639,253,1,100
43711.18681,285,1,100
43711.19722,385,1,100
43711.20764,450,1,100
43711.21806,615,1,100
43711.22847,791,1,100
43711.23889,963,1,100
43711.24931,1063,1,100
43711.25972,1351,1,100
43711.27014,1831,1,100
43711.28056,1904,1,100
43711.29097,1909,1,100
43711.30139,1986,1,100
43711.31181,1933,1,100
43711.32222,1787,1,100
43711.33264,1577,1,100
43711.34306,1799,1,100
43711.35347,1551,1,100
43711.36389,1749,1,100
43711.37431,1628,1,100
43711.38472,1503,1,100
43711.39514,1456,1,100
43711.40556,1568,1,100
43711.41597,1536,1,100
43711.42639,1434,1,100
43711.43681,1469,1,100
43711.44722,1452,1,100
43711.45764,1504,1,100
43711.46528,1451,1,100
43711.47778,1380,1,100
43711.48889,1429,1,100
43711.49931,1464,1,100
43711.50972,1359,1,100
43711.52014,1436,1,100
43711.53056,1385,1,100
43711.54097,1460,1,100
43711.55139,1434,1,100
43711.56181,1479,1,100
43711.57222,1390,1,100
43711.58264,1203,1,100
43711.59306,1337,1,100
43711.60347,1466,1,100
43711.61389,1550,1,100
43711.62431,1495,1,100
43711.63472,1236,1,100
43711.64514,1184,1,100
43711.65556,1413,1,100
43711.66597,1420,1,100
43711.67639,1295,1,100
43711.68681,1221,1,100
43711.69722,1206,1,100
43711.70764,1042,1,100
43711.71806,1173,1,100
43711.72847,1012,1,100
43711.73889,1090,1,100
43711.74931,1117,1,100
43711.75972,1168,1,100
43711.77014,1210,1,100
43711.78056,1212,1,100
43711.79097,1238,1,100
43711.80139,1070,1,100
43711.81181,998,1,100
43711.82222,954,1,100
43711.83264,848,1,100
43711.84306,818,1,100
43711.85347,880,1,100
43711.86389,695,1,100
43711.87431,518,1,100
43711.88472,548,1,100
43711.89514,681,1,100
43711.90556,792,1,100
43711.91597,510,1,100
43711.92639,476,1,100
43711.93681,421,1,100
43711.94722,383,1,100
43711.95764,357,1,100
43711.96806,292,1,100
43711.97847,274,1,100
43711.98889,248,1,100
43711.99931,224,1,100
43712.00972,266,1,100
43712.02014,260,1,100
43712.03056,174,1,100
43712.04097,160,1,100
43712.05139,151,1,100
43712.06181,131,1,100
43712.07222,119,1,100
43712.08264,127,1,100
43712.09306,133,1,100
43712.10347,143,1,100
43712.11389,112,1,100
43712.12431,144,1,100
43712.13472,148,1,100
43712.14514,172,1,100
43712.15556,176,1,100
43712.16597,270,1,100
43712.17639,256,1,100
43712.18681,298,1,100
43712.19722,346,1,100
43712.20764,437,1,100
43712.21806,549,1,100
43712.22847,747,1,100
43712.23889,942,1,100
43712.24931,1045,1,100
43712.25972,1286,1,100
43712.27014,1712,1,100
43712.28056,1725,1,100
43712.29097,1855,1,100
43712.30139,1841,1,100
43712.31181,1776,1,100
43712.32222,1625,1,100
43712.33264,1632,1,100
43712.34306,1652,1,100
43712.35347,1670,1,100
43712.36389,1694,1,100
43712.37431,1633,1,100
43712.38472,1526,1,100
43712.39514,1677,1,100
43712.40556,1558,1,100
43712.41597,1478,1,100
43712.42639,1437,1,100
43712.43681,1502,1,100
43712.44722,1423,1,100
43712.45764,1430,1,100
43712.46806,1459,1,100
43712.47847,1417,1,100
43712.48889,1372,1,100
43712.49931,1398,1,100
43712.50972,1365,1,100
43712.52014,1397,1,100
43712.53056,1341,1,100
43712.54097,1332,1,100
43712.55139,1365,1,100
43712.56181,1347,1,100
43712.57222,1413,1,100
43712.58264,1357,1,100
43712.59306,1311,1,100
43712.60347,1364,1,100
43712.61389,1277,1,100
43712.62431,1362,1,100
43712.63472,1318,1,100
43712.64514,1331,1,100
43712.65556,1438,1,100
43712.66597,1297,1,100
43712.67639,1215,1,100
43712.68681,1174,1,100
43712.69722,1219,1,100
43712.70764,1132,1,100
43712.71806,1060,1,100
43712.72847,1067,1,100
43712.73889,932,1,100
43712.74931,949,1,100
43712.75972,1083,1,100
43712.77014,1160,1,100
43712.78056,1081,1,100
43712.79097,1017,1,100
43712.80139,999,1,100
43712.81181,1034,1,100
43712.82222,1022,1,100
43712.83264,951,1,100
43712.84306,865,1,100
43712.85347,817,1,100
43712.86389,753,1,100
43712.87431,707,1,100
43712.88472,618,1,100
43712.89514,639,1,100
43712.90556,565,1,100
43712.91597,500,1,100
43712.92639,423,1,100
43712.93681,392,1,100
43712.94722,313,1,100
43712.95764,340,1,100
43712.96806,316,1,100
43712.97847,298,1,100
43712.98889,132,1,100
43712.99931,85,1,100
43713.00972,101,1,100
43713.02014,78,1,100
43713.03056,78,1,100
43713.04097,48,1,100
43713.05139,70,1,100
43713.06181,70,1,100
43713.07222,64,1,100
43713.08264,76,1,100
43713.09306,56,1,100
43713.10347,65,1,100
43713.11389,112,1,100
43713.12431,131,1,100
43713.13472,154,1,100
43713.14514,196,1,100
43713.15556,210,1,100
43713.16597,249,1,100
43713.17639,274,1,100
43713.18681,337,1,100
43713.19722,413,1,100
43713.20764,498,1,100
43713.21806,573,1,100
43713.22847,752,1,100
43713.23889,990,1,100
43713.24931,1111,1,100
43713.25972,1262,1,100
43713.27014,1600,1,100
43713.28056,1737,1,100
43713.29097,1826,1,100
43713.30139,1827,1,100
43713.31181,1755,1,100
43713.32222,1768,1,100
43713.33264,1712,1,100
43713.34306,1650,1,100
43713.35347,1729,1,100
43713.36389,1531,1,100
43713.37431,1557,1,100
43713.38472,1409,1,100
43713.39514,1471,1,100
43713.40556,1581,1,100
43713.41597,1529,1,100
43713.42639,1439,1,100
43713.43681,1571,1,100
43713.44722,1456,1,100
43713.45764,1426,1,100
43713.46806,1387,1,100
43713.47847,1523,1,100
43713.48889,1415,1,100
43713.49931,1462,1,100
43713.50972,1410,1,100
43713.52014,1404,1,100
43713.53056,1403,1,100
43713.54097,1425,1,100
43713.55139,1431,1,100
43713.56181,738,1,100
43713.57222,1407,1,100
43713.58264,1383,1,100
43713.59306,1273,1,100
43713.60347,1184,1,100
43713.61389,1412,1,100
43713.62431,1190,1,100
43713.63472,1174,1,100
43713.64514,1291,1,100
43713.65556,1234,1,100
43713.66597,1066,1,100
43713.67639,1124,1,100
43713.68681,1062,1,100
43713.69722,1012,1,100
43713.70764,933,1,100
43713.71806,1058,1,100
43713.72847,872,1,100
43713.73889,824,1,100
43713.74931,644,1,100
43713.75972,866,1,100
43713.77014,840,1,100
43713.78056,844,1,100
43713.79097,914,1,100
43713.80139,821,1,100
43713.81181,883,1,100
43713.82222,925,1,100
43713.83264,930,1,100
43713.84306,863,1,100
43713.85347,861,1,100
43713.86389,863,1,100
43713.87431,744,1,100
43713.88472,646,1,100
43713.89514,710,1,100
43713.90556,579,1,100
43713.91597,569,1,100
43713.92639,407,1,100
43713.93681,393,1,100
43713.94722,363,1,100
43713.95764,323,1,100
43713.96806,283,1,100
43713.97847,330,1,100
43713.98889,288,1,100
43713.99931,294,1,100
43714.00972,230,1,100
43714.02014,183,1,100
43714.03056,181,1,100
43714.04097,149,1,100
43714.05139,160,1,100
43714.06181,147,1,100
43714.07222,133,1,100
43714.08264,149,1,100
43714.09306,125,1,100
43714.10347,136,1,100
43714.11389,142,1,100
43714.12431,151,1,100
43714.13472,181,1,100
43714.14514,176,1,100
43714.15556,201,1,100
43714.16597,268,1,100
43714.17639,241,1,100
43714.18681,327,1,100
43714.19722,383,1,100
43714.20764,448,1,100
43714.21806,571,1,100
43714.22847,746,1,100
43714.23889,852,1,100
43714.24931,969,1,100
43714.25972,1255,1,100
43714.27014,1540,1,100
43714.28056,1680,1,100
43714.29097,1692,1,100
43714.30139,1714,1,100
43714.31181,1669,1,100
43714.32222,1735,1,100
43714.33264,1562,1,100
43714.34306,1320,1,100
43714.35347,1554,1,100
43714.36389,1555,1,100
43714.37431,1470,1,100
43714.38472,1410,1,100
43714.39514,1505,1,100
43714.40556,1519,1,100
43714.41597,1552,1,100
43714.42639,1506,1,100
43714.43681,1527,1,100
43714.44722,1599,1,100
43714.45764,1425,1,100
43714.46806,1541,1,100
43714.47847,1360,1,100
43714.48889,1441,1,100
43714.49931,1333,1,100
43714.50972,1399,1,100
43714.52014,1374,1,100
43714.53056,1210,1,100
43714.54097,1113,1,100
43714.55139,994,1,100
43714.56181,1034,1,100
43714.57222,842,1,100
43714.58264,1118,1,100
43714.59306,1143,1,100
43714.60347,1149,1,100
43714.61389,467,1,100
43714.62431,307,1,100
43714.63472,223,1,100
43714.64514,141,1,100
43714.65556,316,1,100
43714.66597,1113,1,100
43714.67639,967,1,100
43714.68681,1076,1,100
43714.69722,918,1,100
43714.70764,1031,1,100
43714.71806,1113,1,100
43714.72847,976,1,100
43714.73889,859,1,100
43714.74931,930,1,100
43714.75972,975,1,100
43714.77014,1151,1,100
43714.78056,1277,1,100
43714.79097,1235,1,100
43714.80139,1189,1,100
43714.81181,1039,1,100
43714.82222,989,1,100
43714.83264,972,1,100
43714.84306,1008,1,100
43714.85347,943,1,100
43714.86389,958,1,100
43714.87431,814,1,100
43714.88472,745,1,100
43714.89514,668,1,100
43714.90556,595,1,100
43714.91597,522,1,100
43714.92639,477,1,100
43714.93681,451,1,100
43714.94722,416,1,100
43714.95764,383,1,100
43714.96806,305,1,100
43714.97847,323,1,100
43714.98889,304,1,100
43714.99931,231,1,100
43715.00972,189,1,100
43715.02014,197,1,100
43715.03056,196,1,100
43715.04097,207,1,100
43715.05139,162,1,100
43715.06181,156,1,100
43715.07222,171,1,100
43715.08264,160,1,100
43715.09306,141,1,100
43715.10347,134,1,100
43715.11389,130,1,100
43715.12431,138,1,100
43715.13472,125,1,100
43715.14514,166,1,100
43715.15556,198,1,100
43715.16597,195,1,100
43715.17639,250,1,100
43715.18681,271,1,100
43715.19722,319,1,100
43715.20764,349,1,100
43715.21806,429,1,100
43715.22847,520,1,100
43715.23889,531,1,100
43715.24931,572,1,100
43715.25972,631,1,100
43715.27014,787,1,100
43715.28056,881,1,100
43715.29097,918,1,100
43715.30139,960,1,100
43715.31181,1103,1,100
43715.32222,1041,1,100
43715.33264,997,1,100
43715.34306,1159,1,100
43715.35347,1192,1,100
43715.36389,1227,1,100
43715.37431,1304,1,100
43715.38472,1376,1,100
43715.39514,1382,1,100
43715.40556,1548,1,100
43715.41597,1372,1,100
43715.42639,1439,1,100
43715.43681,1440,1,100
43715.44722,1559,1,100
43715.45764,1569,1,100
43715.46806,1389,1,100
43715.47847,1433,1,100
43715.48889,1446,1,100
43715.49931,1398,1,100
43715.50972,1417,1,100
43715.52014,1393,1,100
43715.53056,1325,1,100
43715.54097,1251,1,100
43715.55139,1422,1,100
43715.56181,1330,1,100
43715.57222,1434,1,100
43715.58264,1415,1,100
43715.59306,1303,1,100
43715.60347,1306,1,100
43715.61389,1370,1,100
43715.62431,1349,1,100
43715.63472,1289,1,100
43715.64514,1200,1,100
43715.65556,1189,1,100
43715.66597,1170,1,100
43715.67639,1188,1,100
43715.68681,1232,1,100
43715.69722,1287,1,100
43715.70764,1347,1,100
43715.71806,1358,1,100
43715.72847,1404,1,100
43715.73889,1421,1,100
43715.74931,1450,1,100
43715.75972,1452,1,100
43715.77014,1325,1,100
43715.78056,1268,1,100
43715.79097,1184,1,100
43715.80139,1073,1,100
43715.81181,1088,1,100
43715.82222,1028,1,100
43715.83264,962,1,100
43715.84306,882,1,100
43715.85347,849,1,100
43715.86389,807,1,100
43715.87431,731,1,100
43715.88472,686,1,100
43715.89514,621,1,100
43715.90556,598,1,100
43715.91597,608,1,100
43715.92639,606,1,100
43715.93681,534,1,100
43715.94722,548,1,100
43715.95764,489,1,100
43715.96806,507,1,100
43715.97847,375,1,100
43715.98889,410,1,100
43715.99931,323,1,100
43716.00972,381,1,100
43716.02014,298,1,100
43716.03056,270,1,100
43716.04097,238,1,100
43716.05139,226,1,100
43716.06181,219,1,100
43716.07222,226,1,100
43716.08264,207,1,100
43716.09306,156,1,100
43716.10347,195,1,100
43716.11389,167,1,100
43716.12431,173,1,100
43716.13472,148,1,100
43716.14514,170,1,100
43716.15556,164,1,100
43716.16597,227,1,100
43716.17639,233,1,100
43716.18681,201,1,100
43716.19722,312,1,100
43716.20764,314,1,100
43716.21806,325,1,100
43716.22847,409,1,100
43716.23889,447,1,100
43716.24931,440,1,100
43716.25972,458,1,100
43716.27014,537,1,100
43716.28056,587,1,100
43716.29097,593,1,100
43716.30139,640,1,100
43716.31181,721,1,100
43716.32222,739,1,100
43716.33264,777,1,100
43716.34306,841,1,100
43716.35347,885,1,100
43716.36389,961,1,100
43716.37431,977,1,100
43716.38472,1127,1,100
43716.39514,1163,1,100
43716.40556,1230,1,100
43716.41597,1341,1,100
43716.42639,1400,1,100
43716.43681,1458,1,100
43716.44722,1447,1,100
43716.45764,1469,1,100
43716.46806,1499,1,100
43716.47847,1475,1,100
43716.48889,1529,1,100
43716.49931,1586,1,100
43716.50972,1398,1,100
43716.52014,1303,1,100
43716.53056,1321,1,100
43716.54097,1316,1,100
43716.55139,1355,1,100
43716.56181,1392,1,100
43716.57222,1324,1,100
43716.58264,1270,1,100
43716.59306,1263,1,100
43716.60347,1302,1,100
43716.61389,1311,1,100
43716.62431,1334,1,100
43716.63472,1281,1,100
43716.64514,1278,1,100
43716.65556,1326,1,100
43716.66597,1102,1,100
43716.67639,1350,1,100
43716.68681,1153,1,100
43716.69722,996,1,100
43716.70764,1052,1,100
43716.71806,1048,1,100
43716.72847,1066,1,100
43716.73889,990,1,100
43716.74931,934,1,100
43716.75972,928,1,100
43716.77014,993,1,100
43716.78056,1013,1,100
43716.79097,979,1,100
43716.80139,971,1,100
43716.81181,872,1,100
43716.82222,1051,1,100
43716.83264,1105,1,100
43716.84306,1106,1,100
43716.85347,1137,1,100
43716.86389,1097,1,100
43716.87431,1075,1,100
43716.88472,1040,1,100
43716.89514,942,1,100
43716.90556,837,1,100
43716.91597,734,1,100
43716.92639,648,1,100
43716.93681,549,1,100
43716.94722,494,1,100
43716.95764,453,1,100
43716.96806,342,1,100
43716.97847,317,1,100
43716.98889,276,1,100
43716.99931,232,1,100
43717.00972,186,1,100
43717.02014,166,1,100
43717.03056,199,1,100
43717.04097,131,1,100
43717.05139,134,1,100
43717.06181,110,1,100
43717.07222,196,1,100
43717.08264,118,1,100
43717.09306,118,1,100
43717.10347,87,1,100
43717.11389,74,1,100
43717.12431,100,1,100
43717.13472,112,1,100
43717.14514,121,1,100
43717.15556,139,1,100
43717.16597,142,1,100
43717.17639,196,1,100
43717.18681,225,1,100
43717.19722,408,1,100
43717.20764,422,1,100
43717.21806,535,1,100
43717.22847,685,1,100
43717.23889,852,1,100
43717.24931,1140,1,100
43717.25972,1370,1,100
43717.27014,1584,1,100
43717.28056,1567,1,100
43717.29097,1538,1,100
43717.30139,1463,1,100
43717.31181,1460,1,100
43717.32222,1454,1,100
43717.33264,1386,1,100
43717.34306,1323,1,100
43717.35347,1365,1,100
43717.36389,1335,1,100
43717.37431,1430,1,100
43717.38472,1418,1,100
43717.39514,1432,1,100
43717.40556,1443,1,100
43717.41597,1309,1,100
43717.42639,1351,1,100
43717.43681,1346,1,100
43717.44722,1304,1,100
43717.45764,1341,1,100
43717.46806,1389,1,100
43717.47847,1359,1,100
43717.48889,1284,1,100
43717.49931,1388,1,100
43717.50972,1346,1,100
43717.52014,1273,1,100
43717.53056,1177,1,100
43717.54097,1095,1,100
43717.55139,1193,1,100
43717.56181,1158,1,100
43717.57222,1209,1,100
43717.58264,1110,1,100
43717.59306,1114,1,100
43717.60347,1081,1,100
43717.61389,998,1,100
43717.62431,798,1,100
43717.63472,860,1,100
43717.64514,927,1,100
43717.65556,957,1,100
43717.66597,1000,1,100
43717.67639,1014,1,100
43717.68681,1051,1,100
43717.69722,978,1,100
43717.70764,991,1,100
43717.71806,1189,1,100
43717.72847,1176,1,100
43717.73889,940,1,100
43717.74931,1066,1,100
43717.75972,1122,1,100
43717.77014,1074,1,100
43717.78056,1028,1,100
43717.79097,974,1,100
43717.80139,899,1,100
43717.81181,833,1,100
43717.82222,813,1,100
43717.83264,794,1,100
43717.84306,718,1,100
43717.85347,705,1,100
43717.86389,623,1,100
43717.87431,559,1,100
43717.88472,567,1,100
43717.89514,517,1,100
43717.90556,480,1,100
43717.91597,417,1,100
43717.92639,340,1,100
43717.93681,228,1,100
43717.94722,369,1,100
43717.95764,334,1,100
43717.96806,330,1,100
43717.97847,240,1,100
43717.98889,222,1,100
43717.99931,166,1,100
43718.00972,201,1,100
43718.02014,170,1,100
43718.03056,170,1,100
43718.04097,134,1,100
43718.05139,160,1,100
43718.06181,115,1,100
43718.07222,120,1,100
43718.08264,108,1,100
43718.09306,137,1,100
43718.10347,130,1,100
43718.11389,136,1,100
43718.12431,139,1,100
43718.13472,149,1,100
43718.14514,185,1,100
43718.15556,200,1,100
43718.16597,220,1,100
43718.17639,231,1,100
43718.18681,303,1,100
43718.19722,337,1,100
43718.20764,380,1,100
43718.21806,499,1,100
43718.22847,657,1,100
43718.23889,799,1,100
43718.24931,1033,1,100
43718.25972,1146,1,100
43718.27014,1735,1,100
43718.28056,1843,1,100
43718.29097,1847,1,100
43718.30139,1886,1,100
43718.31181,1726,1,100
43718.32222,1821,1,100
43718.33264,1321,1,100
43718.34306,1677,1,100
43718.35347,1528,1,100
43718.36389,1491,1,100
43718.37431,1440,1,100
43718.38472,1449,1,100
43718.39514,1472,1,100
43718.40556,1569,1,100
43718.41597,1450,1,100
43718.42639,1499,1,100
43718.43681,1401,1,100
43718.44722,1394,1,100
43718.45764,1237,1,100
43718.46806,1231,1,100
43718.47847,1254,1,100
43718.48889,1298,1,100
43718.49931,1450,1,100
43718.50972,1246,1,100
43718.52014,1291,1,100
43718.53056,1288,1,100
43718.54097,1213,1,100
43718.55139,1195,1,100
43718.56181,1265,1,100
43718.57222,1393,1,100
43718.58264,1298,1,100
43718.59306,1299,1,100
43718.60347,1311,1,100
43718.61389,1381,1,100
43718.62431,1337,1,100
43718.63472,1295,1,100
43718.64514,1276,1,100
43718.65556,1337,1,100
43718.66597,1377,1,100
43718.67639,1374,1,100
43718.68681,1351,1,100
43718.69722,1332,1,100
43718.70764,1158,1,100
43718.71806,1203,1,100
43718.72847,1133,1,100
43718.73889,1164,1,100
43718.74931,1210,1,100
43718.75972,1138,1,100
43718.77014,1037,1,100
43718.78056,1022,1,100
43718.79097,1074,1,100
43718.80139,987,1,100
43718.81181,953,1,100
43718.82222,875,1,100
43718.83264,820,1,100
43718.84306,801,1,100
43718.85347,753,1,100
43718.86389,679,1,100
43718.87431,663,1,100
43718.88472,572,1,100
43718.89514,541,1,100
43718.90556,460,1,100
43718.91597,388,1,100
43718.92639,429,1,100
43718.93681,385,1,100
43718.94722,318,1,100
43718.95764,388,1,100
43718.96806,353,1,100
43718.97847,330,1,100
43718.98889,363,1,100
43718.99931,349,1,100
43719.00972,326,1,100
43719.02014,309,1,100
43719.03056,252,1,100
43719.04097,198,1,100
43719.05139,160,1,100
43719.06181,151,1,100
43719.07222,149,1,100
43719.08264,89,1,100
43719.09306,134,1,100
43719.10347,133,1,100
43719.11389,137,1,100
43719.12431,150,1,100
43719.13472,151,1,100
43719.14514,198,1,100
43719.15556,223,1,100
43719.16597,234,1,100
43719.17639,242,1,100
43719.18681,282,1,100
43719.19722,388,1,100
43719.20764,463,1,100
43719.21806,538,1,100
43719.22847,800,1,100
43719.23889,944,1,100
43719.24931,1106,1,100
43719.25972,1375,1,100
43719.27014,1799,1,100
43719.28056,1861,1,100
43719.29097,1927,1,100
43719.30139,1927,1,100
43719.31181,1876,1,100
43719.32222,1759,1,100
43719.33264,1779,1,100
43719.34306,1769,1,100
43719.35347,1735,1,100
43719.36389,1619,1,100
43719.37431,1605,1,100
43719.38472,1689,1,100
43719.39514,1557,1,100
43719.40556,1442,1,100
43719.41597,1535,1,100
43719.42639,1497,1,100
43719.43681,1531,1,100
43719.44722,1526,1,100
43719.45764,1453,1,100
43719.46806,1435,1,100
43719.47847,1357,1,100
43719.48889,1518,1,100
43719.49931,1436,1,100
43719.50972,1419,1,100
43719.52014,1380,1,100
43719.53056,1361,1,100
43719.54097,1287,1,100
43719.55139,1358,1,100
43719.56181,1414,1,100
43719.57222,1420,1,100
43719.58264,1416,1,100
43719.59306,1408,1,100
43719.60347,1501,1,100
43719.61389,1382,1,100
43719.62431,1421,1,100
43719.63472,1367,1,100
43719.64514,1431,1,100
43719.65556,1181,1,100
43719.66597,548,1,100
43719.67639,667,1,100
43719.68681,1012,1,100
43719.69722,998,1,100
43719.70764,1070,1,100
43719.71806,938,1,100
43719.72847,942,1,100
43719.73889,914,1,100
43719.74931,984,1,100
43719.75972,1009,1,100
43719.77014,1030,1,100
43719.78056,1023,1,100
43719.79097,981,1,100
43719.80139,916,1,100
43719.81181,1005,1,100
43719.82222,973,1,100
43719.83264,886,1,100
43719.84306,849,1,100
43719.85347,797,1,100
43719.86389,764,1,100
43719.87431,652,1,100
43719.88472,638,1,100
43719.89514,563,1,100
43719.90556,523,1,100
43719.91597,462,1,100
43719.92639,350,1,100
43719.93681,390,1,100
43719.94722,370,1,100
43719.95764,321,1,100
43719.96806,291,1,100
43719.97847,267,1,100
43719.98889,244,1,100
43719.99931,273,1,100
43720.00972,225,1,100
43720.02014,171,1,100
43720.03056,195,1,100
43720.04097,175,1,100
43720.05139,124,1,100
43720.06181,166,1,100
43720.07222,153,1,100
43720.08264,147,1,100
43720.09306,116,1,100
43720.10347,140,1,100
43720.11389,149,1,100
43720.12431,158,1,100
43720.13472,137,1,100
43720.14514,186,1,100
43720.15556,217,1,100
43720.16597,274,1,100
43720.17639,264,1,100
43720.18681,298,1,100
43720.19722,393,1,100
43720.20764,471,1,100
43720.21806,559,1,100
43720.22847,741,1,100
43720.23889,887,1,100
43720.24931,1053,1,100
43720.25972,1376,1,100
43720.27014,1773,1,100
43720.28056,1897,1,100
43720.29097,1827,1,100
43720.30139,1903,1,100
43720.31181,1773,1,100
43720.32222,1667,1,100
43720.33264,1572,1,100
43720.34306,1614,1,100
43720.35347,1531,1,100
43720.36389,1495,1,100
43720.37431,1394,1,100
43720.38472,1315,1,100
43720.39514,1250,1,100
43720.40556,1195,1,100
43720.41597,1295,1,100
43720.42639,1285,1,100
43720.43681,1288,1,100
43720.44722,1319,1,100
43720.45764,1357,1,100
43720.46806,1297,1,100
43720.47847,1420,1,100
43720.48889,1382,1,100
43720.49931,1382,1,100
43720.50972,1430,1,100
43720.52014,1349,1,100
43720.53056,1420,1,100
43720.54097,1328,1,100
43720.55139,1429,1,100
43720.56181,1417,1,100
43720.57222,1443,1,100
43720.58264,1410,1,100
43720.59306,1372,1,100
43720.60347,1321,1,100
43720.61389,1338,1,100
43720.62431,1351,1,100
43720.63472,1289,1,100
43720.64514,1267,1,100
43720.65556,1277,1,100
43720.66597,1113,1,100
43720.67639,1046,1,100
43720.68681,1126,1,100
43720.69722,712,1,100
43720.70764,676,1,100
43720.71806,713,1,100
43720.72847,704,1,100
43720.73889,841,1,100
43720.74931,852,1,100
43720.75972,931,1,100
43720.77014,981,1,100
43720.78056,1037,1,100
43720.79097,944,1,100
43720.80139,921,1,100
43720.81181,682,1,100
43720.82222,1333,1,100
43720.83264,1363,1,100
43720.84306,1340,1,100
43720.85347,1329,1,100
43720.86389,943,1,100
43720.87431,815,1,100
43720.88472,732,1,100
43720.89514,747,1,100
43720.90556,647,1,100
43720.91597,533,1,100
43720.92639,490,1,100
43720.93681,433,1,100
43720.94722,417,1,100
43720.95764,375,1,100
43720.96806,309,1,100
43720.97847,275,1,100
43720.98889,307,1,100
43720.99931,264,1,100
43721.00972,233,1,100
43721.02014,249,1,100
43721.03056,254,1,100
43721.04097,188,1,100
43721.05139,192,1,100
43721.06181,198,1,100
43721.07222,177,1,100
43721.08264,164,1,100
43721.09306,151,1,100
43721.10347,146,1,100
43721.11389,147,1,100
43721.12431,155,1,100
43721.13472,179,1,100
43721.14514,260,1,100
43721.15556,233,1,100
43721.16597,252,1,100
43721.17639,294,1,100
43721.18681,337,1,100
43721.19722,435,1,100
43721.20764,528,1,100
43721.21806,610,1,100
43721.22847,735,1,100
43721.23889,897,1,100
43721.24931,971,1,100
43721.25972,1194,1,100
43721.27014,1597,1,100
43721.28056,1682,1,100
43721.29097,1698,1,100
43721.30139,1775,1,100
43721.31181,1618,1,100
43721.32222,1560,1,100
43721.33264,1559,1,100
43721.34306,1506,1,100
43721.35347,1489,1,100
43721.36389,1399,1,100
43721.37431,1375,1,100
43721.38472,1291,1,100
43721.39514,1386,1,100
43721.40556,1548,1,100
43721.41597,1518,1,100
43721.42639,1406,1,100
43721.43681,1526,1,100
43721.44722,1436,1,100
43721.45764,1512,1,100
43721.46806,1546,1,100
43721.47847,1464,1,100
43721.48889,1118,1,100
43721.49931,1212,1,100
43721.50972,1428,1,100
43721.52014,1476,1,100
43721.53056,1225,1,100
43721.54097,1135,1,100
43721.55139,1007,1,100
43721.56181,1061,1,100
43721.57222,1040,1,100
43721.58264,832,1,100
43721.59306,863,1,100
43721.60347,915,1,100
43721.61389,844,1,100
43721.62431,707,1,100
43721.63472,767,1,100
43721.64514,1030,1,100
43721.65556,1142,1,100
43721.66597,1016,1,100
43721.67639,927,1,100
43721.68681,759,1,100
43721.69722,729,1,100
43721.70764,921,1,100
43721.71806,636,1,100
43721.72847,715,1,100
43721.73889,655,1,100
43721.74931,704,1,100
43721.75972,846,1,100
43721.77014,827,1,100
43721.78056,876,1,100
43721.79097,1044,1,100
43721.80139,1017,1,100
43721.81181,1091,1,100
43721.82222,1062,1,100
43721.83264,1047,1,100
43721.84306,1013,1,100
43721.85347,1142,1,100
43721.86389,1057,1,100
43721.87431,963,1,100
43721.88472,896,1,100
43721.89514,807,1,100
43721.90556,749,1,100
43721.91597,630,1,100
43721.92639,535,1,100
43721.93681,464,1,100
43721.94722,432,1,100
43721.95764,415,1,100
43721.96806,269,1,100
43721.97847,296,1,100
43721.98889,345,1,100
43721.99931,233,1,100
43722.00972,206,1,100
43722.02014,193,1,100
43722.03056,189,1,100
43722.04097,181,1,100
43722.05139,161,1,100
43722.06181,172,1,100
43722.07222,180,1,100
43722.08264,136,1,100
43722.09306,160,1,100
43722.10347,138,1,100
43722.11389,137,1,100
43722.12431,152,1,100
43722.13472,140,1,100
43722.14514,169,1,100
43722.15556,209,1,100
43722.16597,251,1,100
43722.17639,247,1,100
43722.18681,311,1,100
43722.19722,346,1,100
43722.20764,393,1,100
43722.21806,432,1,100
43722.22847,532,1,100
43722.23889,577,1,100
43722.24931,581,1,100
43722.25972,663,1,100
43722.27014,859,1,100
43722.28056,861,1,100
43722.29097,961,1,100
43722.30139,915,1,100
43722.31181,1109,1,100
43722.32222,1178,1,100
43722.33264,1208,1,100
43722.34306,1254,1,100
43722.35347,1381,1,100
43722.36389,1463,1,100
43722.37431,1425,1,100
43722.38472,1388,1,100
43722.39514,1395,1,100
43722.40556,1441,1,100
43722.41597,1522,1,100
43722.42639,1488,1,100
43722.43681,1485,1,100
43722.44722,1377,1,100
43722.45764,1438,1,100
43722.46806,1395,1,100
43722.47847,1349,1,100
43722.48889,1348,1,100
43722.49931,1462,1,100
43722.50972,1344,1,100
43722.52014,1396,1,100
43722.53056,1282,1,100
43722.54097,1143,1,100
43722.55139,1168,1,100
43722.56181,1031,1,100
43722.57222,1096,1,100
43722.58264,1178,1,100
43722.59306,1150,1,100
43722.60347,1186,1,100
43722.61389,1219,1,100
43722.62431,1276,1,100
43722.63472,1264,1,100
43722.64514,1363,1,100
43722.65556,1312,1,100
43722.66597,1303,1,100
43722.67639,1300,1,100
43722.68681,1348,1,100
43722.69722,1296,1,100
43722.70764,1194,1,100
43722.71806,1255,1,100
43722.72847,1325,1,100
43722.73889,1365,1,100
43722.74931,1456,1,100
43722.75972,1480,1,100
43722.77014,1422,1,100
43722.78056,1379,1,100
43722.79097,1278,1,100
43722.80139,1209,1,100
43722.81181,1234,1,100
43722.82222,894,1,100
43722.83264,1097,1,100
43722.84306,1206,1,100
43722.85347,1021,1,100
43722.86389,937,1,100
43722.87431,941,1,100
43722.88472,818,1,100
43722.89514,804,1,100
43722.90556,772,1,100
43722.91597,689,1,100
43722.92639,589,1,100
43722.93681,574,1,100
43722.94722,546,1,100
43722.95764,545,1,100
43722.96806,466,1,100
43722.97847,421,1,100
43722.98889,370,1,100
43722.99931,317,1,100
43723.00972,369,1,100
43723.02014,332,1,100
43723.03056,303,1,100
43723.04097,283,1,100
43723.05139,265,1,100
43723.06181,215,1,100
43723.07222,199,1,100
43723.08264,200,1,100
43723.09306,182,1,100
43723.10347,129,1,100
43723.11389,156,1,100
43723.12431,179,1,100
43723.13472,143,1,100
43723.14514,160,1,100
43723.15556,162,1,100
43723.16597,186,1,100
43723.17639,204,1,100
43723.18681,200,1,100
43723.19722,277,1,100
43723.20764,273,1,100
43723.21806,326,1,100
43723.22847,429,1,100
43723.23889,412,1,100
43723.24931,427,1,100
43723.25972,464,1,100
43723.27014,543,1,100
43723.28056,545,1,100
43723.29097,562,1,100
43723.30139,584,1,100
43723.31181,690,1,100
43723.32222,741,1,100
43723.33264,744,1,100
43723.34306,772,1,100
43723.35347,881,1,100
43723.36389,1036,1,100
43723.37431,1046,1,100
43723.38472,1084,1,100
43723.39514,1295,1,100
43723.40556,1320,1,100
43723.41597,1391,1,100
43723.42639,1375,1,100
43723.43681,1466,1,100
43723.44722,1443,1,100
43723.45764,1423,1,100
43723.46806,1552,1,100
43723.47847,1532,1,100
43723.48889,1556,1,100
43723.49931,1445,1,100
43723.50972,1322,1,100
43723.52014,1295,1,100
43723.53056,1271,1,100
43723.54097,1366,1,100
43723.55139,1327,1,100
43723.56181,1352,1,100
43723.57222,1364,1,100
43723.58264,1362,1,100
43723.59306,1332,1,100
43723.60347,1381,1,100
43723.61389,1110,1,100
43723.62431,1231,1,100
43723.63472,1066,1,100
43723.64514,1233,1,100
43723.65556,1067,1,100
43723.66597,1255,1,100
43723.67639,1179,1,100
43723.68681,1104,1,100
43723.69722,1054,1,100
43723.70764,1134,1,100
43723.71806,966,1,100
43723.72847,913,1,100
43723.73889,1157,1,100
43723.74931,1269,1,100
43723.75972,1300,1,100
43723.77014,1363,1,100
43723.78056,1367,1,100
43723.79097,1239,1,100
43723.80139,1300,1,100
43723.81181,1068,1,100
43723.82222,1020,1,100
43723.83264,1115,1,100
43723.84306,1145,1,100
43723.85347,1342,1,100
43723.86389,1297,1,100
43723.87431,1175,1,100
43723.88472,1160,1,100
43723.89514,1077,1,100
43723.90556,987,1,100
43723.91597,907,1,100
43723.92639,758,1,100
43723.93681,722,1,100
43723.94722,641,1,100
43723.95764,511,1,100
43723.96806,399,1,100
43723.97847,321,1,100
43723.98889,303,1,100
43723.99931,250,1,100
43724.00972,192,1,100
43724.02014,211,1,100
43724.03056,201,1,100
43724.04097,207,1,100
43724.05139,157,1,100
43724.06181,133,1,100
43724.07222,164,1,100
43724.08264,137,1,100
43724.09306,123,1,100
43724.10347,110,1,100
43724.11389,105,1,100
43724.12431,121,1,100
43724.13472,166,1,100
43724.14514,204,1,100
43724.15556,218,1,100
43724.16597,232,1,100
43724.17639,277,1,100
43724.18681,327,1,100
43724.19722,399,1,100
43724.20764,546,1,100
43724.21806,737,1,100
43724.22847,969,1,100
43724.23889,1095,1,100
43724.24931,1314,1,100
43724.25972,1566,1,100
43724.27014,1905,1,100
43724.28056,1837,1,100
43724.29097,1954,1,100
43724.30139,1977,1,100
43724.31181,1768,1,100
43724.32222,1710,1,100
43724.33264,1651,1,100
43724.34306,1650,1,100
43724.35347,1215,1,100
43724.36389,1578,1,100
43724.37431,1623,1,100
43724.38472,1544,1,100
43724.39514,1447,1,100
43724.40556,1612,1,100
43724.41597,1566,1,100
43724.42639,1570,1,100
43724.43681,1431,1,100
43724.44722,1515,1,100
43724.45764,1564,1,100
43724.46806,1531,1,100
43724.47847,1483,1,100
43724.48889,1320,1,100
43724.49931,1455,1,100
43724.50972,1418,1,100
43724.52014,1532,1,100
43724.53056,1488,1,100
43724.54097,1526,1,100
43724.55139,1447,1,100
43724.56181,1600,1,100
43724.57222,1448,1,100
43724.58264,1325,1,100
43724.59306,1226,1,100
43724.60347,1312,1,100
43724.61389,1332,1,100
43724.62431,1289,1,100
43724.63472,1327,1,100
43724.64514,1343,1,100
43724.65556,1266,1,100
43724.66597,1221,1,100
43724.67639,1173,1,100
43724.68681,798,1,100
43724.69722,855,1,100
43724.70764,838,1,100
43724.71806,1053,1,100
43724.72847,1003,1,100
43724.73889,956,1,100
43724.74931,1022,1,100
43724.75972,1075,1,100
43724.77014,1078,1,100
43724.78056,1091,1,100
43724.79097,1038,1,100
43724.80139,1015,1,100
43724.81181,976,1,100
43724.82222,954,1,100
43724.83264,902,1,100
43724.84306,812,1,100
43724.85347,798,1,100
43724.86389,744,1,100
43724.87431,656,1,100
43724.88472,580,1,100
43724.89514,576,1,100
43724.90556,485,1,100
43724.91597,406,1,100
43724.92639,342,1,100
43724.93681,347,1,100
43724.94722,275,1,100
43724.95764,227,1,100
43724.96806,330,1,100
43724.97847,221,1,100
43724.98889,198,1,100
43724.99931,220,1,100
43725.00972,160,1,100
43725.02014,142,1,100
43725.03056,137,1,100
43725.04097,162,1,100
43725.05139,157,1,100
43725.06181,138,1,100
43725.07222,132,1,100
43725.08264,119,1,100
43725.09306,136,1,100
43725.10347,115,1,100
43725.11389,128,1,100
43725.12431,152,1,100
43725.13472,158,1,100
43725.14514,169,1,100
43725.15556,210,1,100
43725.16597,208,1,100
43725.17639,244,1,100
43725.18681,274,1,100
43725.19722,351,1,100
43725.20764,462,1,100
43725.21806,639,1,100
43725.22847,805,1,100
43725.23889,988,1,100
43725.24931,1171,1,100
43725.25972,1486,1,100
43725.27014,1801,1,100
43725.28056,1798,1,100
43725.29097,1902,1,100
43725.30139,1869,1,100
43725.31181,1850,1,100
43725.32222,1755,1,100
43725.33264,1614,1,100
43725.34306,1571,1,100
43725.35347,1588,1,100
43725.36389,1504,1,100
43725.37431,1460,1,100
43725.38472,1388,1,100
43725.39514,1482,1,100
43725.40556,1501,1,100
43725.41597,1409,1,100
43725.42639,1367,1,100
43725.43681,1405,1,100
43725.44722,1180,1,100
43725.45764,918,1,100
43725.46806,938,1,100
43725.47778,961,1,100
43725.48889,1298,1,100
43725.49931,1385,1,100
43725.50972,1382,1,100
43725.52014,1426,1,100
43725.53056,1433,1,100
43725.54097,1328,1,100
43725.55139,1385,1,100
43725.56181,1368,1,100
43725.57222,1395,1,100
43725.58264,1382,1,100
43725.59306,1327,1,100
43725.60347,1440,1,100
43725.61389,1132,1,100
43725.62431,940,1,100
43725.63472,1384,1,100
43725.64514,1013,1,100
43725.65556,1486,1,100
43725.66597,1243,1,100
43725.67639,1151,1,100
43725.68681,1016,1,100
43725.69722,1067,1,100
43725.70764,1079,1,100
43725.71806,994,1,100
43725.72847,965,1,100
43725.73889,1084,1,100
43725.74931,1054,1,100
43725.75972,1172,1,100
43725.77014,1044,1,100
43725.78056,1024,1,100
43725.79097,1046,1,100
43725.80139,1006,1,100
43725.81181,1099,1,100
43725.82222,934,1,100
43725.83264,897,1,100
43725.84306,852,1,100
43725.85347,804,1,100
43725.86389,731,1,100
43725.87431,726,1,100
43725.88472,619,1,100
43725.89514,593,1,100
43725.90556,484,1,100
43725.91597,416,1,100
43725.92639,382,1,100
43725.93681,314,1,100
43725.94722,421,1,100
43725.95764,323,1,100
43725.96806,309,1,100
43725.97847,272,1,100
43725.98889,225,1,100
43725.99931,123,1,100
43726.00972,136,1,100
43726.02014,159,1,100
43726.03056,139,1,100
43726.04097,167,1,100
43726.05139,131,1,100
43726.06181,149,1,100
43726.07222,150,1,100
43726.08264,136,1,100
43726.09306,158,1,100
43726.10347,129,1,100
43726.11389,126,1,100
43726.12431,140,1,100
43726.13472,151,1,100
43726.14514,171,1,100
43726.15556,179,1,100
43726.16597,238,1,100
43726.17639,221,1,100
43726.18681,256,1,100
43726.19722,350,1,100
43726.20764,468,1,100
43726.21806,550,1,100
43726.22847,796,1,100
43726.23889,959,1,100
43726.24931,1100,1,100
43726.25972,1390,1,100
43726.27014,1764,1,100
43726.28056,1841,1,100
43726.29097,1926,1,100
43726.30139,1988,1,100
43726.31181,1625,1,100
43726.32222,1609,1,100
43726.33264,1717,1,100
43726.34306,1549,1,100
43726.35347,1548,1,100
43726.36389,1463,1,100
43726.37431,1467,1,100
43726.38472,1485,1,100
43726.39514,1456,1,100
43726.40556,1340,1,100
43726.41597,1478,1,100
43726.42639,1561,1,100
43726.43681,1472,1,100
43726.44722,1485,1,100
43726.45764,1503,1,100
43726.46806,1407,1,100
43726.47847,1510,1,100
43726.48889,1458,1,100
43726.49931,1418,1,100
43726.50972,1415,1,100
43726.52014,1462,1,100
43726.53056,1361,1,100
43726.54097,1386,1,100
43726.55139,1366,1,100
43726.56181,1358,1,100
43726.57222,1426,1,100
43726.58264,1333,1,100
43726.59306,1337,1,100
43726.60347,1362,1,100
43726.61389,1343,1,100
43726.62431,1345,1,100
43726.63472,1401,1,100
43726.64514,1377,1,100
43726.65556,1367,1,100
43726.66597,1302,1,100
43726.67639,1235,1,100
43726.68681,1076,1,100
43726.69722,1065,1,100
43726.70764,1143,1,100
43726.71806,1164,1,100
43726.72847,1151,1,100
43726.73889,972,1,100
43726.74931,1027,1,100
43726.75972,962,1,100
43726.77014,1076,1,100
43726.78056,891,1,100
43726.79097,1167,1,100
43726.80139,1113,1,100
43726.81181,1014,1,100
43726.82222,987,1,100
43726.83264,948,1,100
43726.84306,881,1,100
43726.85347,841,1,100
43726.86389,785,1,100
43726.87431,728,1,100
43726.88472,664,1,100
43726.89514,658,1,100
43726.90556,552,1,100
43726.91597,466,1,100
43726.92639,385,1,100
43726.93681,382,1,100
43726.94722,284,1,100
43726.95764,304,1,100
43726.96806,298,1,100
43726.97847,224,1,100
43726.98889,91,1,100
43726.99931,64,1,100
43727.00972,60,1,100
43727.02014,67,1,100
43727.03056,67,1,100
43727.04097,57,1,100
43727.05139,53,1,100
43727.06181,50,1,100
43727.07222,69,1,100
43727.08264,42,1,100
43727.09306,48,1,100
43727.10347,58,1,100
43727.11389,57,1,100
43727.12431,53,1,100
43727.13472,65,1,100
43727.14514,77,1,100
43727.15556,201,1,100
43727.16597,207,1,100
43727.17639,248,1,100
43727.18681,285,1,100
43727.19722,337,1,100
43727.20764,436,1,100
43727.21806,547,1,100
43727.22847,798,1,100
43727.23889,958,1,100
43727.24931,1100,1,100
43727.25972,1337,1,100
43727.27014,1773,1,100
43727.28056,1736,1,100
43727.29097,1692,1,100
43727.30139,1747,1,100
43727.31181,1777,1,100
43727.32222,1771,1,100
43727.33264,1729,1,100
43727.34306,1521,1,100
43727.35347,1721,1,100
43727.36389,1605,1,100
43727.37431,1580,1,100
43727.38472,1525,1,100
43727.39514,1577,1,100
43727.40556,1491,1,100
43727.41597,1351,1,100
43727.42639,1239,1,100
43727.43681,1230,1,100
43727.44722,1171,1,100
43727.45764,1268,1,100
43727.46806,1290,1,100
43727.47847,1254,1,100
43727.48889,1409,1,100
43727.49931,1442,1,100
43727.50972,1437,1,100
43727.52014,1384,1,100
43727.53056,1386,1,100
43727.54097,1310,1,100
43727.55139,1291,1,100
43727.56181,1159,1,100
43727.57222,1274,1,100
43727.58264,1249,1,100
43727.59306,977,1,100
43727.60347,1049,1,100
43727.61389,1113,1,100
43727.62431,1066,1,100
43727.63472,1106,1,100
43727.64514,1114,1,100
43727.65556,931,1,100
43727.66597,933,1,100
43727.67639,999,1,100
43727.68681,963,1,100
43727.69722,964,1,100
43727.70764,854,1,100
43727.71806,655,1,100
43727.72847,761,1,100
43727.73889,584,1,100
43727.74931,551,1,100
43727.75972,734,1,100
43727.77014,1127,1,100
43727.78056,783,1,100
43727.79097,825,1,100
43727.80139,894,1,100
43727.81181,1016,1,100
43727.82222,1016,1,100
43727.83264,956,1,100
43727.84306,1003,1,100
43727.85347,941,1,100
43727.86389,839,1,100
43727.87431,816,1,100
43727.88472,703,1,100
43727.89514,686,1,100
43727.90556,582,1,100
43727.91597,544,1,100
43727.92639,441,1,100
43727.93681,361,1,100
43727.94722,408,1,100
43727.95764,378,1,100
43727.96806,351,1,100
43727.97847,367,1,100
43727.98889,299,1,100
43727.99931,263,1,100
43728.00972,231,1,100
43728.02014,215,1,100
43728.03056,203,1,100
43728.04097,180,1,100
43728.05139,142,1,100
43728.06181,137,1,100
43728.07222,175,1,100
43728.08264,133,1,100
43728.09306,142,1,100
43728.10347,126,1,100
43728.11389,144,1,100
43728.12431,151,1,100
43728.13472,136,1,100
43728.14514,198,1,100
43728.15556,217,1,100
43728.16597,254,1,100
43728.17639,319,1,100
43728.18681,346,1,100
43728.19722,405,1,100
43728.20764,526,1,100
43728.21806,583,1,100
43728.22847,757,1,100
43728.23889,826,1,100
43728.24931,1035,1,100
43728.25972,1287,1,100
43728.27014,1554,1,100
43728.28056,1748,1,100
43728.29097,1708,1,100
43728.30139,1795,1,100
43728.31181,1668,1,100
43728.32222,1627,1,100
43728.33264,1522,1,100
43728.34306,1505,1,100
43728.35347,1490,1,100
43728.36389,1561,1,100
43728.37431,1418,1,100
43728.38472,1345,1,100
43728.39514,1439,1,100
43728.40556,1111,1,100
43728.41597,1198,1,100
43728.42639,1444,1,100
43728.43681,1466,1,100
43728.44722,1485,1,100
43728.45764,1541,1,100
43728.46806,1421,1,100
43728.47847,1392,1,100
43728.48889,1437,1,100
43728.49931,1361,1,100
43728.50972,1117,1,100
43728.52014,956,1,100
43728.53056,936,1,100
43728.54097,978,1,100
43728.55139,1134,1,100
43728.56181,638,1,100
43728.57222,754,1,100
43728.58264,945,1,100
43728.59306,789,1,100
43728.60347,757,1,100
43728.61389,875,1,100
43728.62431,736,1,100
43728.63472,827,1,100
43728.64514,819,1,100
43728.65556,714,1,100
43728.66597,889,1,100
43728.67639,731,1,100
43728.68681,569,1,100
43728.69722,785,1,100
43728.70764,464,1,100
43728.71806,802,1,100
43728.72847,651,1,100
43728.73889,613,1,100
43728.74931,687,1,100
43728.75972,777,1,100
43728.77014,682,1,100
43728.78056,723,1,100
43728.79097,697,1,100
43728.80139,933,1,100
43728.81181,999,1,100
43728.82222,1010,1,100
43728.83264,959,1,100
43728.84306,938,1,100
43728.85347,916,1,100
43728.86389,878,1,100
43728.87431,802,1,100
43728.88472,841,1,100
43728.89514,739,1,100
43728.90556,629,1,100
43728.91597,560,1,100
43728.92639,509,1,100
43728.93681,515,1,100
43728.94722,405,1,100
43728.95764,443,1,100
43728.96806,344,1,100
43728.97847,282,1,100
43728.98889,314,1,100
43728.99931,344,1,100
43729.00972,270,1,100
43729.02014,246,1,100
43729.03056,181,1,100
43729.04097,189,1,100
43729.05139,184,1,100
43729.06181,180,1,100
43729.07222,141,1,100
43729.08264,174,1,100
43729.09306,164,1,100
43729.10347,123,1,100
43729.11389,138,1,100
43729.12431,155,1,100
43729.13472,178,1,100
43729.14514,153,1,100
43729.15556,189,1,100
43729.16597,220,1,100
43729.17639,286,1,100
43729.18681,290,1,100
43729.19722,325,1,100
43729.20764,354,1,100
43729.21806,470,1,100
43729.22847,516,1,100
43729.23889,588,1,100
43729.24931,557,1,100
43729.25972,634,1,100
43729.27014,783,1,100
43729.28056,912,1,100
43729.29097,942,1,100
43729.30139,1006,1,100
43729.31181,1160,1,100
43729.32222,1168,1,100
43729.33264,1244,1,100
43729.34306,1317,1,100
43729.35347,1338,1,100
43729.36389,1472,1,100
43729.37431,1246,1,100
43729.38472,1627,1,100
43729.39514,1554,1,100
43729.40556,1624,1,100
43729.41597,1523,1,100
43729.42639,1388,1,100
43729.43681,1415,1,100
43729.44722,1338,1,100
43729.45764,1320,1,100
43729.46806,1219,1,100
43729.47847,1081,1,100
43729.48889,890,1,100
43729.49931,1161,1,100
43729.50972,1251,1,100
43729.52014,1144,1,100
43729.53056,1152,1,100
43729.54097,1200,1,100
43729.55139,1230,1,100
43729.56181,1235,1,100
43729.57222,1200,1,100
43729.58264,1204,1,100
43729.59306,1096,1,100
43729.60347,1079,1,100
43729.61389,1105,1,100
43729.62431,1145,1,100
43729.63472,1246,1,100
43729.64514,1271,1,100
43729.65556,1363,1,100
43729.66597,1177,1,100
43729.67639,1252,1,100
43729.68681,1259,1,100
43729.69722,1364,1,100
43729.70764,1345,1,100
43729.71806,1327,1,100
43729.72847,1399,1,100
43729.73889,1394,1,100
43729.74931,1391,1,100
43729.75972,1298,1,100
43729.77014,1152,1,100
43729.78056,1120,1,100
43729.79097,1108,1,100
43729.80139,1153,1,100
43729.81181,1186,1,100
43729.82222,947,1,100
43729.83264,1004,1,100
43729.84306,969,1,100
43729.85347,1003,1,100
43729.86389,934,1,100
43729.87431,908,1,100
43729.88472,852,1,100
43729.89514,720,1,100
43729.90556,698,1,100
43729.91597,671,1,100
43729.92639,656,1,100
43729.93681,562,1,100
43729.94722,532,1,100
43729.95764,530,1,100
43729.96806,461,1,100
43729.97847,403,1,100
43729.98889,343,1,100
43729.99931,368,1,100
43730.00972,303,1,100
43730.02014,286,1,100
43730.03056,257,1,100
43730.04097,227,1,100
43730.05139,217,1,100
43730.06181,192,1,100
43730.07222,196,1,100
43730.08264,190,1,100
43730.09306,182,1,100
43730.10347,153,1,100
43730.11389,142,1,100
43730.12431,147,1,100
43730.13472,140,1,100
43730.14514,155,1,100
43730.15556,165,1,100
43730.16597,203,1,100
43730.17639,189,1,100
43730.18681,242,1,100
43730.19722,271,1,100
43730.20764,262,1,100
43730.21806,319,1,100
43730.22847,379,1,100
43730.23889,418,1,100
43730.24931,450,1,100
43730.25972,414,1,100
43730.27014,517,1,100
43730.28056,526,1,100
43730.29097,578,1,100
43730.30139,575,1,100
43730.31181,683,1,100
43730.32222,669,1,100
43730.33264,665,1,100
43730.34306,761,1,100
43730.35347,868,1,100
43730.36389,979,1,100
43730.37431,1021,1,100
43730.38472,1017,1,100
43730.39514,1153,1,100
43730.40556,1258,1,100
43730.41597,1304,1,100
43730.42639,1404,1,100
43730.43681,1521,1,100
43730.44722,1473,1,100
43730.45764,1502,1,100
43730.46806,1474,1,100
43730.47847,1372,1,100
43730.48889,1424,1,100
43730.49931,1426,1,100
43730.50972,1392,1,100
43730.52014,1321,1,100
43730.53056,1279,1,100
43730.54097,1320,1,100
43730.55139,1309,1,100
43730.56181,1250,1,100
43730.57222,1128,1,100
43730.58264,1101,1,100
43730.59306,1225,1,100
43730.60347,1106,1,100
43730.61389,999,1,100
43730.62431,988,1,100
43730.63472,1160,1,100
43730.64514,990,1,100
43730.65556,1025,1,100
43730.66597,1014,1,100
43730.67639,1116,1,100
43730.68681,1051,1,100
43730.69722,1068,1,100
43730.70764,1076,1,100
43730.71806,1153,1,100
43730.72847,987,1,100
43730.73889,1182,1,100
43730.74931,1259,1,100
43730.75972,1179,1,100
43730.77014,988,1,100
43730.78056,940,1,100
43730.79097,1011,1,100
43730.80139,994,1,100
43730.81181,978,1,100
43730.82222,1048,1,100
43730.83264,988,1,100
43730.84306,952,1,100
43730.85347,1001,1,100
43730.86389,949,1,100
43730.87431,796,1,100
43730.88472,743,1,100
43730.89514,642,1,100
43730.90556,604,1,100
43730.91597,540,1,100
43730.92639,478,1,100
43730.93681,454,1,100
43730.94722,386,1,100
43730.95764,379,1,100
43730.96806,324,1,100
43730.97847,277,1,100
43730.98889,263,1,100
43730.99931,237,1,100
43731.00972,182,1,100
43731.02014,173,1,100
43731.03056,137,1,100
43731.04097,157,1,100
43731.05139,158,1,100
43731.06181,141,1,100
43731.07222,138,1,100
43731.08264,129,1,100
43731.09306,127,1,100
43731.10347,138,1,100
43731.11389,128,1,100
43731.12431,161,1,100
43731.13472,155,1,100
43731.14514,184,1,100
43731.15556,190,1,100
43731.16597,237,1,100
43731.17639,283,1,100
43731.18681,357,1,100
43731.19722,405,1,100
43731.20764,541,1,100
43731.21806,736,1,100
43731.22847,924,1,100
43731.23889,1073,1,100
43731.24931,1296,1,100
43731.25972,1526,1,100
43731.27014,1829,1,100
43731.28056,1902,1,100
43731.29097,1844,1,100
43731.30139,1836,1,100
43731.31181,1587,1,100
43731.32222,1503,1,100
43731.33264,1499,1,100
43731.34306,1366,1,100
43731.35347,1545,1,100
43731.36389,1474,1,100
43731.37431,1352,1,100
43731.38472,1366,1,100
43731.39514,1713,1,100
43731.40556,1618,1,100
43731.41597,1464,1,100
43731.42639,1401,1,100
43731.43681,1336,1,100
43731.44722,1454,1,100
43731.45764,1561,1,100
43731.46806,1431,1,100
43731.47847,1507,1,100
43731.48889,1461,1,100
43731.49931,1427,1,100
43731.50972,1387,1,100
43731.52014,1496,1,100
43731.53056,1480,1,100
43731.54097,1378,1,100
43731.55139,1344,1,100
43731.56181,1390,1,100
43731.57222,1325,1,100
43731.58264,1226,1,100
43731.59306,1341,1,100
43731.60347,1390,1,100
43731.61389,1400,1,100
43731.62431,1503,1,100
43731.63472,1348,1,100
43731.64514,1343,1,100
43731.65556,1258,1,100
43731.66597,1019,1,100
43731.67639,932,1,100
43731.68681,924,1,100
43731.69722,921,1,100
43731.70764,928,1,100
43731.71806,913,1,100
43731.72847,809,1,100
43731.73889,748,1,100
43731.74931,1024,1,100
43731.75972,868,1,100
43731.77014,856,1,100
43731.78056,812,1,100
43731.79097,888,1,100
43731.80139,929,1,100
43731.81181,874,1,100
43731.82222,827,1,100
43731.83264,822,1,100
43731.84306,758,1,100
43731.85347,735,1,100
43731.86389,654,1,100
43731.87431,557,1,100
43731.88472,555,1,100
43731.89514,546,1,100
43731.90556,470,1,100
43731.91597,465,1,100
43731.92639,230,1,100
43731.93681,319,1,100
43731.94722,323,1,100
43731.95764,146,1,100
43731.96806,162,1,100
43731.97847,207,1,100
43731.98889,185,1,100
43731.99931,194,1,100
43732.00972,116,1,100
43732.02014,100,1,100
43732.03056,95,1,100
43732.04097,142,1,100
43732.05139,144,1,100
43732.06181,130,1,100
43732.07222,110,1,100
43732.08264,110,1,100
43732.09306,117,1,100
43732.10347,103,1,100
43732.11389,116,1,100
43732.12431,145,1,100
43732.13472,146,1,100
43732.14514,148,1,100
43732.15556,191,1,100
43732.16597,222,1,100
43732.17639,246,1,100
43732.18681,320,1,100
43732.19722,376,1,100
43732.20764,430,1,100
43732.21806,576,1,100
43732.22847,813,1,100
43732.23889,891,1,100
43732.24931,1054,1,100
43732.25972,1201,1,100
43732.27014,1469,1,100
43732.28056,1444,1,100
43732.29097,1441,1,100
43732.30139,1504,1,100
43732.31181,1303,1,100
43732.32222,1126,1,100
43732.33264,1150,1,100
43732.34306,1210,1,100
43732.35347,1378,1,100
43732.36389,1179,1,100
43732.37431,1307,1,100
43732.38472,1432,1,100
43732.39514,1711,1,100
43732.40556,1333,1,100
43732.41597,1502,1,100
43732.42639,1439,1,100
43732.43681,1378,1,100
43732.44722,1400,1,100
43732.45764,1492,1,100
43732.46806,1347,1,100
43732.47847,1239,1,100
43732.48889,1381,1,100
43732.49931,1358,1,100
43732.50972,1435,1,100
43732.52014,1327,1,100
43732.53056,1333,1,100
43732.54097,1255,1,100
43732.55139,1271,1,100
43732.56181,1378,1,100
43732.57222,1385,1,100
43732.58264,1248,1,100
43732.59306,1435,1,100
43732.60347,1306,1,100
43732.61389,1365,1,100
43732.62431,1069,1,100
43732.63472,909,1,100
43732.64514,995,1,100
43732.65556,1083,1,100
43732.66597,1109,1,100
43732.67639,1415,1,100
43732.68681,1379,1,100
43732.69722,1157,1,100
43732.70764,1085,1,100
43732.71806,1036,1,100
43732.72847,759,1,100
43732.73889,944,1,100
43732.74931,981,1,100
43732.75972,1023,1,100
43732.77014,1120,1,100
43732.78056,1022,1,100
43732.79097,996,1,100
43732.80139,1073,1,100
43732.81181,1008,1,100
43732.82222,912,1,100
43732.83264,816,1,100
43732.84306,739,1,100
43732.85347,806,1,100
43732.86389,660,1,100
43732.87431,582,1,100
43732.88472,577,1,100
43732.89514,535,1,100
43732.90556,497,1,100
43732.91597,564,1,100
43732.92639,445,1,100
43732.93681,421,1,100
43732.94722,399,1,100
43732.95764,386,1,100
43732.96806,297,1,100
43732.97847,263,1,100
43732.98889,272,1,100
43732.99931,238,1,100
